{"stats":{"minecraft:mined":{"minecraft:magenta_stained_glass_pane":1,"minecraft:red_stained_glass":44,"minecraft:tnt":180,"minecraft:green_stained_glass":30,"minecraft:honey_block":30,"minecraft:white_stained_glass":17,"minecraft:pink_stained_glass":106,"minecraft:lime_stained_glass":23,"minecraft:slime_block":68,"minecraft:piston":1},"minecraft:custom":{"minecraft:time_since_rest":2489,"minecraft:sprint_one_cm":434041,"minecraft:damage_taken":31762,"minecraft:walk_one_cm":437980,"minecraft:drop":4,"minecraft:minecart_one_cm":3538,"minecraft:damage_dealt":1492,"minecraft:fly_one_cm":1790908,"minecraft:player_kills":21,"minecraft:pig_one_cm":2315,"minecraft:crouch_one_cm":19473,"minecraft:play_one_minute":219630,"minecraft:deaths":171,"minecraft:sneak_time":7419,"minecraft:aviate_one_cm":308136,"minecraft:jump":4124,"minecraft:leave_game":3,"minecraft:time_since_death":2485,"minecraft:climb_one_cm":6706,"minecraft:damage_resisted":3484,"minecraft:fall_one_cm":376857},"minecraft:dropped":{"minecraft:elytra":4},"minecraft:killed_by":{"minecraft:player":25,"minecraft:creeper":4,"minecraft:phantom":1},"minecraft:used":{"minecraft:honey_block":25,"minecraft:ender_pearl":2,"minecraft:zombie_spawn_egg":44,"minecraft:tropical_fish_spawn_egg":11,"minecraft:llama_spawn_egg":41,"minecraft:blaze_spawn_egg":35,"minecraft:evoker_spawn_egg":16,"minecraft:ocelot_spawn_egg":74,"minecraft:zombie_pigman_spawn_egg":17,"minecraft:bow":84,"minecraft:scaffolding":14,"minecraft:guardian_spawn_egg":68,"minecraft:drowned_spawn_egg":17,"minecraft:polar_bear_spawn_egg":49,"minecraft:snowball":52},"minecraft:picked_up":{"minecraft:elytra":35},"minecraft:crafted":{"minecraft:elytra":3}},"DataVersion":2223}