{"stats":{"minecraft:used":{"minecraft:wandering_trader_spawn_egg":4,"minecraft:magma_cube_spawn_egg":1,"minecraft:ocelot_spawn_egg":2,"minecraft:zombie_horse_spawn_egg":4,"minecraft:zombie_pigman_spawn_egg":6,"minecraft:bow":3,"minecraft:guardian_spawn_egg":3,"minecraft:phantom_spawn_egg":1,"minecraft:pufferfish_spawn_egg":6,"minecraft:drowned_spawn_egg":2,"minecraft:polar_bear_spawn_egg":1,"minecraft:zombie_spawn_egg":3,"minecraft:tropical_fish_spawn_egg":3,"minecraft:snowball":1,"minecraft:llama_spawn_egg":4},"minecraft:dropped":{"minecraft:firework_star":3},"minecraft:custom":{"minecraft:time_since_rest":7644,"minecraft:play_one_minute":20261,"minecraft:crouch_one_cm":219,"minecraft:sprint_one_cm":34164,"minecraft:walk_one_cm":89660,"minecraft:damage_taken":110,"minecraft:deaths":6,"minecraft:sneak_time":259,"minecraft:drop":3,"minecraft:aviate_one_cm":22756,"minecraft:jump":35,"minecraft:minecart_one_cm":1204,"minecraft:time_since_death":7641,"minecraft:fall_one_cm":2625,"minecraft:fly_one_cm":110010}},"DataVersion":2230}