{"stats":{"minecraft:used":{"minecraft:wandering_trader_spawn_egg":5,"minecraft:blaze_spawn_egg":1,"minecraft:evoker_spawn_egg":2,"minecraft:zombie_horse_spawn_egg":5,"minecraft:ocelot_spawn_egg":5,"minecraft:zombie_pigman_spawn_egg":10,"minecraft:bow":33,"minecraft:guardian_spawn_egg":4,"minecraft:pufferfish_spawn_egg":3,"minecraft:phantom_spawn_egg":1,"minecraft:drowned_spawn_egg":8,"minecraft:polar_bear_spawn_egg":2,"minecraft:skeleton_horse_spawn_egg":1,"minecraft:zombie_spawn_egg":5,"minecraft:tropical_fish_spawn_egg":6,"minecraft:snowball":8,"minecraft:llama_spawn_egg":3,"minecraft:magma_cube_spawn_egg":2},"minecraft:dropped":{"minecraft:firework_star":6},"minecraft:mined":{"minecraft:honey_block":22,"minecraft:white_stained_glass":1,"minecraft:red_stained_glass":21,"minecraft:slime_block":8,"minecraft:tnt":47,"minecraft:green_stained_glass":10},"minecraft:killed_by":{"minecraft:creeper":3,"minecraft:player":1},"minecraft:custom":{"minecraft:time_since_rest":822,"minecraft:play_one_minute":24579,"minecraft:crouch_one_cm":12209,"minecraft:sprint_one_cm":72559,"minecraft:walk_one_cm":48953,"minecraft:damage_taken":3789,"minecraft:deaths":22,"minecraft:sneak_time":3464,"minecraft:drop":6,"minecraft:aviate_one_cm":62444,"minecraft:jump":363,"minecraft:minecart_one_cm":696,"minecraft:damage_dealt":314,"minecraft:leave_game":1,"minecraft:time_since_death":819,"minecraft:damage_resisted":130,"minecraft:fall_one_cm":49290,"minecraft:fly_one_cm":167244,"minecraft:player_kills":2}},"DataVersion":2230}