{"stats":{"minecraft:mined":{"minecraft:honey_block":5,"minecraft:slime_block":10,"minecraft:tnt":31},"minecraft:used":{"minecraft:wandering_trader_spawn_egg":2,"minecraft:magma_cube_spawn_egg":2,"minecraft:blaze_spawn_egg":3,"minecraft:evoker_spawn_egg":4,"minecraft:ocelot_spawn_egg":6,"minecraft:zombie_horse_spawn_egg":5,"minecraft:zombie_pigman_spawn_egg":2,"minecraft:bow":10,"minecraft:guardian_spawn_egg":4,"minecraft:phantom_spawn_egg":2,"minecraft:drowned_spawn_egg":2,"minecraft:polar_bear_spawn_egg":2,"minecraft:skeleton_horse_spawn_egg":1,"minecraft:zombie_spawn_egg":2,"minecraft:tropical_fish_spawn_egg":2,"minecraft:snowball":2,"minecraft:llama_spawn_egg":2},"minecraft:killed_by":{"minecraft:player":2},"minecraft:custom":{"minecraft:time_since_rest":725,"minecraft:crouch_one_cm":1748,"minecraft:play_one_minute":16385,"minecraft:sprint_one_cm":57361,"minecraft:deaths":25,"minecraft:damage_taken":2840,"minecraft:walk_one_cm":27530,"minecraft:sneak_time":1253,"minecraft:drop":1,"minecraft:aviate_one_cm":28783,"minecraft:jump":165,"minecraft:damage_dealt":55,"minecraft:leave_game":4,"minecraft:time_since_death":723,"minecraft:fall_one_cm":81412,"minecraft:fly_one_cm":163663},"minecraft:dropped":{"minecraft:phantom_spawn_egg":1}},"DataVersion":2227}