{"stats":{"minecraft:mined":{"minecraft:piston_head":1,"minecraft:slime_block":8,"minecraft:tnt":57,"minecraft:green_stained_glass":1},"minecraft:custom":{"minecraft:time_since_rest":3383,"minecraft:play_one_minute":10042,"minecraft:crouch_one_cm":11109,"minecraft:sprint_one_cm":40377,"minecraft:walk_one_cm":17804,"minecraft:damage_taken":1001,"minecraft:deaths":3,"minecraft:sneak_time":2384,"minecraft:jump":249,"minecraft:damage_dealt":55,"minecraft:leave_game":1,"minecraft:time_since_death":3381,"minecraft:damage_resisted":30,"minecraft:fall_one_cm":13861,"minecraft:fly_one_cm":78492,"minecraft:player_kills":1},"minecraft:killed_by":{"minecraft:player":2},"minecraft:used":{"minecraft:blaze_spawn_egg":1,"minecraft:ocelot_spawn_egg":2,"minecraft:bow":11,"minecraft:guardian_spawn_egg":1,"minecraft:polar_bear_spawn_egg":5,"minecraft:zombie_spawn_egg":3,"minecraft:snowball":2,"minecraft:llama_spawn_egg":5}},"DataVersion":2230}