{"stats":{"minecraft:custom":{"minecraft:pig_one_cm":23478,"minecraft:time_since_rest":2239,"minecraft:play_one_minute":97525,"minecraft:crouch_one_cm":2390,"minecraft:sprint_one_cm":199884,"minecraft:walk_one_cm":203083,"minecraft:damage_taken":13904,"minecraft:deaths":77,"minecraft:sneak_time":1220,"minecraft:drop":1,"minecraft:boat_one_cm":26375,"minecraft:aviate_one_cm":24901,"minecraft:jump":1612,"minecraft:leave_game":1,"minecraft:minecart_one_cm":482,"minecraft:damage_dealt":439,"minecraft:time_since_death":2236,"minecraft:climb_one_cm":16442,"minecraft:damage_resisted":1160,"minecraft:fall_one_cm":138226,"minecraft:fly_one_cm":336695,"minecraft:player_kills":8},"minecraft:killed_by":{"minecraft:player":5},"minecraft:mined":{"minecraft:gray_stained_glass":1,"minecraft:white_stained_glass":45,"minecraft:pink_stained_glass":4,"minecraft:light_gray_stained_glass":1,"minecraft:red_stained_glass":10,"minecraft:sticky_piston":1,"minecraft:slime_block":12,"minecraft:lime_stained_glass":6,"minecraft:tnt":69,"minecraft:piston":1,"minecraft:green_stained_glass":9},"minecraft:dropped":{"minecraft:bow":1},"minecraft:used":{"minecraft:blaze_spawn_egg":36,"minecraft:ocelot_spawn_egg":39,"minecraft:honey_block":4,"minecraft:firework_rocket":2,"minecraft:bow":57,"minecraft:scaffolding":35,"minecraft:guardian_spawn_egg":45,"minecraft:polar_bear_spawn_egg":41,"minecraft:zombie_spawn_egg":42,"minecraft:snowball":37,"minecraft:llama_spawn_egg":41}},"DataVersion":2218}