{"stats":{"minecraft:mined":{"minecraft:honey_block":9,"minecraft:black_stained_glass":1,"minecraft:white_stained_glass":14,"minecraft:pink_stained_glass":7,"minecraft:red_stained_glass":40,"minecraft:slime_block":26,"minecraft:tnt":177,"minecraft:green_stained_glass":101},"minecraft:custom":{"minecraft:time_since_rest":1720,"minecraft:crouch_one_cm":6067,"minecraft:play_one_minute":120102,"minecraft:sprint_one_cm":333785,"minecraft:deaths":94,"minecraft:damage_taken":6823,"minecraft:walk_one_cm":281391,"minecraft:sneak_time":2475,"minecraft:drop":2,"minecraft:aviate_one_cm":292378,"minecraft:jump":2216,"minecraft:damage_dealt":1018,"minecraft:leave_game":3,"minecraft:time_since_death":1717,"minecraft:damage_resisted":1140,"minecraft:fall_one_cm":104400,"minecraft:fly_one_cm":1374331,"minecraft:player_kills":8},"minecraft:killed_by":{"minecraft:creeper":5,"minecraft:player":5},"minecraft:dropped":{"minecraft:bow":1,"minecraft:elytra":1},"minecraft:used":{"minecraft:evoker_spawn_egg":4,"minecraft:blaze_spawn_egg":3,"minecraft:ocelot_spawn_egg":7,"minecraft:zombie_pigman_spawn_egg":5,"minecraft:bow":40,"minecraft:guardian_spawn_egg":8,"minecraft:drowned_spawn_egg":6,"minecraft:polar_bear_spawn_egg":7,"minecraft:zombie_spawn_egg":9,"minecraft:tropical_fish_spawn_egg":4,"minecraft:snowball":5,"minecraft:llama_spawn_egg":13},"minecraft:crafted":{"minecraft:elytra":3}},"DataVersion":2223}