{"stats":{"minecraft:custom":{"minecraft:time_since_rest":156,"minecraft:crouch_one_cm":2798,"minecraft:play_one_minute":84252,"minecraft:sprint_one_cm":139471,"minecraft:deaths":43,"minecraft:damage_taken":5108,"minecraft:walk_one_cm":172055,"minecraft:sneak_time":2147,"minecraft:drop":1,"minecraft:jump":1551,"minecraft:damage_dealt":0,"minecraft:leave_game":5,"minecraft:time_since_death":154,"minecraft:climb_one_cm":3640,"minecraft:damage_resisted":531,"minecraft:fall_one_cm":58579,"minecraft:fly_one_cm":427082,"minecraft:player_kills":1},"minecraft:picked_up":{"minecraft:zombie_spawn_egg":1},"minecraft:killed_by":{"minecraft:player":2},"minecraft:mined":{"minecraft:white_stained_glass":105,"minecraft:pink_stained_glass":25,"minecraft:red_stained_glass":89,"minecraft:lime_stained_glass":18,"minecraft:green_stained_glass":16},"minecraft:dropped":{"minecraft:zombie_spawn_egg":1},"minecraft:used":{"minecraft:blaze_spawn_egg":2,"minecraft:ocelot_spawn_egg":19,"minecraft:bow":6,"minecraft:guardian_spawn_egg":7,"minecraft:ender_pearl":1,"minecraft:polar_bear_spawn_egg":10,"minecraft:zombie_spawn_egg":18,"minecraft:snowball":4,"minecraft:llama_spawn_egg":13}},"DataVersion":2218}