{"stats":{"minecraft:mined":{"minecraft:slime_block":1,"minecraft:tnt":14},"minecraft:killed_by":{"minecraft:player":1},"minecraft:used":{"minecraft:blaze_spawn_egg":13,"minecraft:evoker_spawn_egg":16,"minecraft:ocelot_spawn_egg":15,"minecraft:zombie_pigman_spawn_egg":13,"minecraft:bow":48,"minecraft:guardian_spawn_egg":23,"minecraft:drowned_spawn_egg":16,"minecraft:polar_bear_spawn_egg":15,"minecraft:zombie_spawn_egg":13,"minecraft:tropical_fish_spawn_egg":15,"minecraft:snowball":20,"minecraft:llama_spawn_egg":14},"minecraft:dropped":{"minecraft:tropical_fish_spawn_egg":1},"minecraft:custom":{"minecraft:time_since_rest":384,"minecraft:play_one_minute":50568,"minecraft:crouch_one_cm":488,"minecraft:sprint_one_cm":106917,"minecraft:walk_one_cm":185950,"minecraft:damage_taken":4501,"minecraft:deaths":38,"minecraft:sneak_time":1454,"minecraft:drop":1,"minecraft:aviate_one_cm":127892,"minecraft:jump":341,"minecraft:damage_dealt":408,"minecraft:leave_game":1,"minecraft:time_since_death":378,"minecraft:damage_resisted":10,"minecraft:fall_one_cm":68121,"minecraft:fly_one_cm":400179}},"DataVersion":2220}