{"stats":{"minecraft:used":{"minecraft:structure_block":28,"minecraft:redstone_torch":4,"minecraft:sticky_piston":45,"minecraft:glass":47,"minecraft:bedrock":43,"minecraft:piston":146,"minecraft:lever":1,"minecraft:honey_block":190,"minecraft:command_block":2,"minecraft:tnt":12,"minecraft:cyan_glazed_terracotta":1,"minecraft:redstone":6,"minecraft:lime_stained_glass":6,"minecraft:dead_tube_coral_fan":2,"minecraft:cobblestone_wall":2,"minecraft:slime_block":152,"minecraft:barrier":14,"minecraft:white_stained_glass":74,"minecraft:minecart":5,"minecraft:stone_button":1,"minecraft:detector_rail":2,"minecraft:stone":19,"minecraft:structure_void":127,"minecraft:redstone_block":24,"minecraft:smooth_quartz":5,"minecraft:observer":129,"minecraft:obsidian":32,"minecraft:green_stained_glass":12},"minecraft:custom":{"minecraft:time_since_rest":714181,"minecraft:play_one_minute":714181,"minecraft:crouch_one_cm":2668,"minecraft:sprint_one_cm":38379,"minecraft:walk_one_cm":91995,"minecraft:sneak_time":6725,"minecraft:jump":130,"minecraft:leave_game":7,"minecraft:time_since_death":714181,"minecraft:fly_one_cm":1448026}},"DataVersion":2227}