{"stats":{"minecraft:mined":{"minecraft:magenta_stained_glass_pane":2,"minecraft:light_gray_stained_glass":2,"minecraft:red_stained_glass":49,"minecraft:sticky_piston":1,"minecraft:tnt":315,"minecraft:green_stained_glass":60,"minecraft:honey_block":27,"minecraft:white_stained_glass":198,"minecraft:pink_stained_glass":14,"minecraft:lime_stained_glass":21,"minecraft:slime_block":71,"minecraft:piston":1},"minecraft:custom":{"minecraft:time_since_rest":252,"minecraft:sprint_one_cm":257827,"minecraft:damage_taken":26632,"minecraft:walk_one_cm":872475,"minecraft:drop":67,"minecraft:minecart_one_cm":11515,"minecraft:damage_dealt":689,"minecraft:fly_one_cm":930319,"minecraft:player_kills":5,"minecraft:crouch_one_cm":17671,"minecraft:play_one_minute":210134,"minecraft:deaths":165,"minecraft:sneak_time":7156,"minecraft:aviate_one_cm":191485,"minecraft:jump":2137,"minecraft:leave_game":8,"minecraft:time_since_death":247,"minecraft:climb_one_cm":27006,"minecraft:damage_resisted":4421,"minecraft:fall_one_cm":271186},"minecraft:dropped":{"minecraft:honey_block":65,"minecraft:bow":1,"minecraft:elytra":1},"minecraft:killed_by":{"minecraft:player":13,"minecraft:creeper":1},"minecraft:used":{"minecraft:honey_block":30,"minecraft:ender_pearl":2,"minecraft:zombie_spawn_egg":57,"minecraft:tropical_fish_spawn_egg":16,"minecraft:llama_spawn_egg":48,"minecraft:blaze_spawn_egg":63,"minecraft:evoker_spawn_egg":14,"minecraft:ocelot_spawn_egg":62,"minecraft:diamond_sword":3,"minecraft:zombie_pigman_spawn_egg":16,"minecraft:bow":63,"minecraft:guardian_spawn_egg":72,"minecraft:drowned_spawn_egg":12,"minecraft:polar_bear_spawn_egg":61,"minecraft:snowball":47},"minecraft:picked_up":{"minecraft:elytra":1,"minecraft:honey_block":49}},"DataVersion":2223}