{"stats":{"minecraft:custom":{"minecraft:time_since_rest":17,"minecraft:play_one_minute":100999,"minecraft:crouch_one_cm":1970,"minecraft:sprint_one_cm":175370,"minecraft:walk_one_cm":214625,"minecraft:damage_taken":13815,"minecraft:deaths":66,"minecraft:sneak_time":1100,"minecraft:aviate_one_cm":12018,"minecraft:jump":1212,"minecraft:damage_dealt":1324,"minecraft:leave_game":1,"minecraft:time_since_death":14,"minecraft:damage_resisted":192,"minecraft:climb_one_cm":15202,"minecraft:fall_one_cm":150840,"minecraft:fly_one_cm":393770,"minecraft:player_kills":23},"minecraft:picked_up":{"minecraft:elytra":37},"minecraft:killed_by":{"minecraft:player":5},"minecraft:mined":{"minecraft:black_stained_glass":2,"minecraft:honey_block":3,"minecraft:gray_stained_glass":5,"minecraft:white_stained_glass":2,"minecraft:light_gray_stained_glass":2,"minecraft:pink_stained_glass":1,"minecraft:red_stained_glass":21,"minecraft:slime_block":18,"minecraft:tnt":37,"minecraft:green_stained_glass":2},"minecraft:used":{"minecraft:blaze_spawn_egg":2,"minecraft:ocelot_spawn_egg":7,"minecraft:honey_block":19,"minecraft:bow":18,"minecraft:guardian_spawn_egg":6,"minecraft:tnt":3,"minecraft:polar_bear_spawn_egg":2,"minecraft:zombie_spawn_egg":12,"minecraft:snowball":16,"minecraft:llama_spawn_egg":3}},"DataVersion":2218}