{"stats":{"minecraft:dropped":{"minecraft:firework_star":3},"minecraft:killed_by":{"minecraft:creeper":3,"minecraft:player":2},"minecraft:mined":{"minecraft:white_stained_glass":10,"minecraft:pink_stained_glass":13,"minecraft:slime_block":13,"minecraft:tnt":89,"minecraft:honey_block":18},"minecraft:custom":{"minecraft:time_since_rest":3952,"minecraft:play_one_minute":54091,"minecraft:crouch_one_cm":8412,"minecraft:sprint_one_cm":317527,"minecraft:walk_one_cm":197782,"minecraft:damage_taken":5084,"minecraft:deaths":45,"minecraft:sneak_time":2981,"minecraft:drop":2,"minecraft:aviate_one_cm":108850,"minecraft:jump":551,"minecraft:minecart_one_cm":438,"minecraft:damage_dealt":849,"minecraft:time_since_death":3942,"minecraft:fall_one_cm":98097,"minecraft:fly_one_cm":357024,"minecraft:player_kills":8},"minecraft:used":{"minecraft:wandering_trader_spawn_egg":8,"minecraft:magma_cube_spawn_egg":4,"minecraft:evoker_spawn_egg":7,"minecraft:blaze_spawn_egg":10,"minecraft:zombie_horse_spawn_egg":14,"minecraft:ocelot_spawn_egg":12,"minecraft:zombie_pigman_spawn_egg":7,"minecraft:bow":54,"minecraft:guardian_spawn_egg":11,"minecraft:phantom_spawn_egg":4,"minecraft:drowned_spawn_egg":14,"minecraft:ender_pearl":1,"minecraft:polar_bear_spawn_egg":6,"minecraft:skeleton_horse_spawn_egg":8,"minecraft:zombie_spawn_egg":10,"minecraft:tropical_fish_spawn_egg":8,"minecraft:snowball":5,"minecraft:llama_spawn_egg":15}},"DataVersion":2227}