{"stats":{"minecraft:mined":{"minecraft:piston_head":1,"minecraft:black_stained_glass":2,"minecraft:light_gray_stained_glass":1,"minecraft:red_stained_glass":47,"minecraft:sticky_piston":2,"minecraft:tnt":342,"minecraft:green_stained_glass":72,"minecraft:honey_block":18,"minecraft:white_stained_glass":25,"minecraft:pink_stained_glass":36,"minecraft:lime_stained_glass":30,"minecraft:slime_block":112,"minecraft:piston":1},"minecraft:killed":{"minecraft:snow_golem":1},"minecraft:custom":{"minecraft:time_since_rest":1185,"minecraft:sprint_one_cm":420862,"minecraft:damage_taken":30374,"minecraft:walk_one_cm":708209,"minecraft:mob_kills":2,"minecraft:drop":6,"minecraft:minecart_one_cm":653,"minecraft:damage_dealt":367,"minecraft:fly_one_cm":1423176,"minecraft:player_kills":8,"minecraft:pig_one_cm":4859,"minecraft:crouch_one_cm":19770,"minecraft:play_one_minute":225176,"minecraft:deaths":193,"minecraft:sneak_time":7366,"minecraft:aviate_one_cm":156191,"minecraft:jump":2806,"minecraft:leave_game":8,"minecraft:time_since_death":1182,"minecraft:climb_one_cm":17060,"minecraft:damage_resisted":5855,"minecraft:fall_one_cm":352451},"minecraft:dropped":{"minecraft:honey_block":2,"minecraft:elytra":4},"minecraft:killed_by":{"minecraft:player":19,"minecraft:creeper":6},"minecraft:used":{"minecraft:ender_pearl":1,"minecraft:zombie_spawn_egg":50,"minecraft:tropical_fish_spawn_egg":18,"minecraft:llama_spawn_egg":46,"minecraft:blaze_spawn_egg":36,"minecraft:evoker_spawn_egg":16,"minecraft:ocelot_spawn_egg":60,"minecraft:zombie_pigman_spawn_egg":15,"minecraft:bow":95,"minecraft:guardian_spawn_egg":56,"minecraft:tnt":8,"minecraft:drowned_spawn_egg":20,"minecraft:polar_bear_spawn_egg":39,"minecraft:snowball":42},"minecraft:picked_up":{"minecraft:honey_block":3,"minecraft:saddle":1}},"DataVersion":2225}