{"stats":{"minecraft:dropped":{"minecraft:bow":1},"minecraft:killed_by":{"minecraft:player":2,"minecraft:creeper":1},"minecraft:mined":{"minecraft:piston_head":1,"minecraft:red_stained_glass":21,"minecraft:sticky_piston":2,"minecraft:tnt":68,"minecraft:white_stained_glass":4,"minecraft:pink_stained_glass":1,"minecraft:slime_block":33,"minecraft:piston":1},"minecraft:custom":{"minecraft:time_since_rest":669,"minecraft:sprint_one_cm":141786,"minecraft:damage_taken":6313,"minecraft:walk_one_cm":104858,"minecraft:drop":1,"minecraft:damage_dealt":21,"minecraft:fly_one_cm":581496,"minecraft:player_kills":2,"minecraft:play_one_minute":114172,"minecraft:crouch_one_cm":16325,"minecraft:deaths":33,"minecraft:sneak_time":7759,"minecraft:aviate_one_cm":47691,"minecraft:jump":995,"minecraft:leave_game":3,"minecraft:time_since_death":665,"minecraft:damage_resisted":110,"minecraft:fall_one_cm":82330},"minecraft:used":{"minecraft:wandering_trader_spawn_egg":1,"minecraft:sticky_piston":2,"minecraft:zombie_horse_spawn_egg":2,"minecraft:flint_and_steel":31,"minecraft:barrier":6,"minecraft:slime_block":6,"minecraft:zombie_spawn_egg":19,"minecraft:tropical_fish_spawn_egg":12,"minecraft:llama_spawn_egg":21,"minecraft:magma_cube_spawn_egg":2,"minecraft:blaze_spawn_egg":7,"minecraft:evoker_spawn_egg":6,"minecraft:ocelot_spawn_egg":21,"minecraft:zombie_pigman_spawn_egg":1,"minecraft:bow":21,"minecraft:guardian_spawn_egg":16,"minecraft:phantom_spawn_egg":2,"minecraft:drowned_spawn_egg":1,"minecraft:polar_bear_spawn_egg":23,"minecraft:observer":6,"minecraft:snowball":20,"minecraft:obsidian":5}},"DataVersion":2227}