{"stats":{"minecraft:custom":{"minecraft:time_since_rest":3859,"minecraft:crouch_one_cm":247,"minecraft:play_one_minute":9554,"minecraft:sprint_one_cm":18892,"minecraft:deaths":3,"minecraft:damage_taken":340,"minecraft:walk_one_cm":31526,"minecraft:sneak_time":347,"minecraft:jump":136,"minecraft:damage_dealt":0,"minecraft:leave_game":3,"minecraft:time_since_death":3853,"minecraft:damage_resisted":54,"minecraft:fall_one_cm":2378,"minecraft:fly_one_cm":33670},"minecraft:mined":{"minecraft:lime_stained_glass":16,"minecraft:green_stained_glass":9},"minecraft:used":{"minecraft:blaze_spawn_egg":2,"minecraft:ocelot_spawn_egg":1,"minecraft:bow":1,"minecraft:guardian_spawn_egg":1,"minecraft:ender_pearl":1,"minecraft:zombie_spawn_egg":1,"minecraft:snowball":1,"minecraft:llama_spawn_egg":3}},"DataVersion":2217}