{"stats":{"minecraft:custom":{"minecraft:crouch_one_cm":419,"minecraft:time_since_rest":269,"minecraft:play_one_minute":13706,"minecraft:sprint_one_cm":17654,"minecraft:walk_one_cm":52682,"minecraft:damage_taken":1505,"minecraft:deaths":18,"minecraft:sneak_time":176,"minecraft:drop":2,"minecraft:aviate_one_cm":58322,"minecraft:jump":283,"minecraft:leave_game":1,"minecraft:time_since_death":266,"minecraft:fall_one_cm":33343,"minecraft:fly_one_cm":90830},"minecraft:dropped":{"minecraft:firework_star":2},"minecraft:mined":{"minecraft:green_stained_glass":4},"minecraft:used":{"minecraft:wandering_trader_spawn_egg":3,"minecraft:magma_cube_spawn_egg":6,"minecraft:blaze_spawn_egg":4,"minecraft:evoker_spawn_egg":2,"minecraft:ocelot_spawn_egg":2,"minecraft:zombie_horse_spawn_egg":5,"minecraft:zombie_pigman_spawn_egg":2,"minecraft:bow":9,"minecraft:guardian_spawn_egg":2,"minecraft:phantom_spawn_egg":4,"minecraft:drowned_spawn_egg":5,"minecraft:polar_bear_spawn_egg":9,"minecraft:skeleton_horse_spawn_egg":9,"minecraft:zombie_spawn_egg":8,"minecraft:tropical_fish_spawn_egg":4,"minecraft:snowball":4,"minecraft:llama_spawn_egg":6},"minecraft:killed_by":{"minecraft:player":1}},"DataVersion":2230}