{"stats":{"minecraft:mined":{"minecraft:slime_block":2,"minecraft:tnt":14},"minecraft:custom":{"minecraft:jump":306,"minecraft:time_since_rest":16375,"minecraft:damage_taken":1190,"minecraft:play_one_minute":33321,"minecraft:crouch_one_cm":998,"minecraft:leave_game":5,"minecraft:sprint_one_cm":78800,"minecraft:time_since_death":16357,"minecraft:walk_one_cm":38692,"minecraft:deaths":9,"minecraft:sneak_time":525,"minecraft:damage_resisted":1160,"minecraft:fall_one_cm":16338,"minecraft:fly_one_cm":274437},"minecraft:used":{"minecraft:ocelot_spawn_egg":3,"minecraft:blaze_spawn_egg":2,"minecraft:polar_bear_spawn_egg":4,"minecraft:zombie_spawn_egg":3,"minecraft:smooth_quartz":8,"minecraft:snowball":4,"minecraft:guardian_spawn_egg":1,"minecraft:llama_spawn_egg":4}},"DataVersion":2230}