{"stats":{"minecraft:used":{"minecraft:blaze_spawn_egg":1,"minecraft:wandering_trader_spawn_egg":2,"minecraft:evoker_spawn_egg":2,"minecraft:zombie_horse_spawn_egg":2,"minecraft:ocelot_spawn_egg":2,"minecraft:bow":1,"minecraft:guardian_spawn_egg":3,"minecraft:phantom_spawn_egg":1,"minecraft:drowned_spawn_egg":2,"minecraft:polar_bear_spawn_egg":3,"minecraft:skeleton_horse_spawn_egg":2,"minecraft:zombie_spawn_egg":1,"minecraft:tropical_fish_spawn_egg":2,"minecraft:llama_spawn_egg":2},"minecraft:mined":{"minecraft:honey_block":3,"minecraft:slime_block":6,"minecraft:lime_stained_glass":1,"minecraft:tnt":44,"minecraft:green_stained_glass":8},"minecraft:custom":{"minecraft:time_since_rest":2441,"minecraft:crouch_one_cm":978,"minecraft:play_one_minute":12128,"minecraft:sprint_one_cm":25640,"minecraft:walk_one_cm":26950,"minecraft:damage_taken":522,"minecraft:deaths":4,"minecraft:sneak_time":817,"minecraft:aviate_one_cm":19599,"minecraft:jump":102,"minecraft:leave_game":1,"minecraft:time_since_death":2436,"minecraft:fall_one_cm":35929,"minecraft:fly_one_cm":115463}},"DataVersion":2227}