{"stats":{"minecraft:custom":{"minecraft:time_since_rest":8529,"minecraft:play_one_minute":80590,"minecraft:crouch_one_cm":5807,"minecraft:sprint_one_cm":335423,"minecraft:deaths":14,"minecraft:damage_taken":966,"minecraft:walk_one_cm":76001,"minecraft:sneak_time":2189,"minecraft:jump":907,"minecraft:leave_game":4,"minecraft:time_since_death":8527,"minecraft:climb_one_cm":121,"minecraft:fall_one_cm":27889,"minecraft:fly_one_cm":444379},"minecraft:picked_up":{"minecraft:blaze_spawn_egg":6,"minecraft:guardian_spawn_egg":1},"minecraft:used":{"minecraft:blaze_spawn_egg":2,"minecraft:smooth_quartz_stairs":4,"minecraft:bow":6,"minecraft:stray_spawn_egg":1,"minecraft:guardian_spawn_egg":3,"minecraft:command_block":2,"minecraft:smooth_quartz_slab":2,"minecraft:panda_spawn_egg":1,"minecraft:barrier":8,"minecraft:spruce_button":1,"minecraft:cave_spider_spawn_egg":1,"minecraft:sponge":8,"minecraft:egg":7,"minecraft:smooth_quartz":7,"minecraft:structure_void":3,"minecraft:snowball":28,"minecraft:bat_spawn_egg":1,"minecraft:vindicator_spawn_egg":2,"minecraft:player_head":241},"minecraft:mined":{"minecraft:white_stained_glass":34}},"DataVersion":2230}