{"stats":{"minecraft:killed_by":{"minecraft:player":1},"minecraft:used":{"minecraft:blaze_spawn_egg":7,"minecraft:wandering_trader_spawn_egg":5,"minecraft:magma_cube_spawn_egg":4,"minecraft:evoker_spawn_egg":7,"minecraft:zombie_horse_spawn_egg":17,"minecraft:ocelot_spawn_egg":9,"minecraft:zombie_pigman_spawn_egg":3,"minecraft:bow":13,"minecraft:guardian_spawn_egg":10,"minecraft:phantom_spawn_egg":4,"minecraft:drowned_spawn_egg":8,"minecraft:polar_bear_spawn_egg":7,"minecraft:skeleton_horse_spawn_egg":8,"minecraft:zombie_spawn_egg":4,"minecraft:tropical_fish_spawn_egg":8,"minecraft:snowball":6,"minecraft:llama_spawn_egg":4},"minecraft:custom":{"minecraft:time_since_rest":98,"minecraft:play_one_minute":45046,"minecraft:crouch_one_cm":10367,"minecraft:sprint_one_cm":105467,"minecraft:walk_one_cm":242841,"minecraft:damage_taken":1986,"minecraft:deaths":26,"minecraft:sneak_time":3866,"minecraft:aviate_one_cm":26292,"minecraft:jump":269,"minecraft:minecart_one_cm":517,"minecraft:leave_game":1,"minecraft:time_since_death":94,"minecraft:fall_one_cm":95546,"minecraft:fly_one_cm":158718},"minecraft:mined":{"minecraft:honey_block":13,"minecraft:red_stained_glass":27,"minecraft:slime_block":5,"minecraft:tnt":45,"minecraft:green_stained_glass":23}},"DataVersion":2227}