{"stats":{"minecraft:killed_by":{"minecraft:player":2},"minecraft:used":{"minecraft:wandering_trader_spawn_egg":1,"minecraft:magma_cube_spawn_egg":2,"minecraft:blaze_spawn_egg":4,"minecraft:evoker_spawn_egg":2,"minecraft:zombie_horse_spawn_egg":8,"minecraft:ocelot_spawn_egg":7,"minecraft:zombie_pigman_spawn_egg":3,"minecraft:bow":6,"minecraft:guardian_spawn_egg":6,"minecraft:phantom_spawn_egg":3,"minecraft:drowned_spawn_egg":2,"minecraft:polar_bear_spawn_egg":3,"minecraft:skeleton_horse_spawn_egg":2,"minecraft:zombie_spawn_egg":3,"minecraft:tropical_fish_spawn_egg":4,"minecraft:snowball":2,"minecraft:llama_spawn_egg":1},"minecraft:mined":{"minecraft:honey_block":11,"minecraft:slime_block":7,"minecraft:lime_stained_glass":1,"minecraft:tnt":61,"minecraft:green_stained_glass":10},"minecraft:custom":{"minecraft:time_since_rest":8350,"minecraft:crouch_one_cm":2308,"minecraft:play_one_minute":27066,"minecraft:sprint_one_cm":49040,"minecraft:walk_one_cm":65837,"minecraft:damage_taken":2565,"minecraft:deaths":16,"minecraft:sneak_time":649,"minecraft:jump":343,"minecraft:leave_game":1,"minecraft:minecart_one_cm":973,"minecraft:damage_dealt":10,"minecraft:time_since_death":8346,"minecraft:fall_one_cm":135330,"minecraft:fly_one_cm":157404,"minecraft:player_kills":1}},"DataVersion":2227}