{"stats":{"minecraft:mined":{"minecraft:white_stained_glass":130,"minecraft:red_stained_glass":74,"minecraft:lime_stained_glass":19,"minecraft:slime_block":19,"minecraft:tnt":28,"minecraft:green_stained_glass":82},"minecraft:custom":{"minecraft:time_since_rest":684,"minecraft:crouch_one_cm":4815,"minecraft:play_one_minute":87697,"minecraft:sprint_one_cm":306479,"minecraft:deaths":37,"minecraft:damage_taken":6405,"minecraft:walk_one_cm":333763,"minecraft:sneak_time":2419,"minecraft:jump":1493,"minecraft:damage_dealt":115,"minecraft:leave_game":5,"minecraft:time_since_death":681,"minecraft:damage_resisted":2115,"minecraft:fall_one_cm":82729,"minecraft:fly_one_cm":543538},"minecraft:killed_by":{"minecraft:player":2},"minecraft:used":{"minecraft:evoker_spawn_egg":2,"minecraft:blaze_spawn_egg":16,"minecraft:ocelot_spawn_egg":11,"minecraft:zombie_pigman_spawn_egg":1,"minecraft:bow":41,"minecraft:guardian_spawn_egg":13,"minecraft:drowned_spawn_egg":4,"minecraft:polar_bear_spawn_egg":14,"minecraft:zombie_spawn_egg":22,"minecraft:tropical_fish_spawn_egg":2,"minecraft:snowball":8,"minecraft:llama_spawn_egg":12}},"DataVersion":2223}