{"stats":{"minecraft:mined":{"minecraft:honey_block":6,"minecraft:white_stained_glass":3,"minecraft:red_stained_glass":38,"minecraft:slime_block":26,"minecraft:lime_stained_glass":12,"minecraft:tnt":63,"minecraft:green_stained_glass":13},"minecraft:killed_by":{"minecraft:creeper":2,"minecraft:player":3},"minecraft:used":{"minecraft:blaze_spawn_egg":8,"minecraft:evoker_spawn_egg":17,"minecraft:ocelot_spawn_egg":18,"minecraft:zombie_pigman_spawn_egg":11,"minecraft:bow":48,"minecraft:guardian_spawn_egg":21,"minecraft:drowned_spawn_egg":17,"minecraft:polar_bear_spawn_egg":12,"minecraft:zombie_spawn_egg":10,"minecraft:tropical_fish_spawn_egg":15,"minecraft:snowball":14,"minecraft:llama_spawn_egg":15},"minecraft:custom":{"minecraft:time_since_rest":1332,"minecraft:play_one_minute":62561,"minecraft:crouch_one_cm":1735,"minecraft:sprint_one_cm":172823,"minecraft:walk_one_cm":230778,"minecraft:damage_taken":4036,"minecraft:deaths":38,"minecraft:sneak_time":1083,"minecraft:aviate_one_cm":10621,"minecraft:jump":823,"minecraft:leave_game":1,"minecraft:minecart_one_cm":1526,"minecraft:damage_dealt":135,"minecraft:time_since_death":1329,"minecraft:damage_resisted":10,"minecraft:fall_one_cm":161896,"minecraft:fly_one_cm":386955,"minecraft:player_kills":2}},"DataVersion":2220}