{"stats":{"minecraft:killed_by":{"minecraft:creeper":1},"minecraft:mined":{"minecraft:slime_block":4,"minecraft:tnt":3},"minecraft:custom":{"minecraft:time_since_rest":198,"minecraft:crouch_one_cm":233,"minecraft:play_one_minute":19518,"minecraft:sprint_one_cm":67878,"minecraft:deaths":26,"minecraft:damage_taken":1933,"minecraft:walk_one_cm":60006,"minecraft:sneak_time":115,"minecraft:aviate_one_cm":93712,"minecraft:jump":401,"minecraft:damage_dealt":110,"minecraft:leave_game":1,"minecraft:time_since_death":196,"minecraft:fall_one_cm":28645,"minecraft:fly_one_cm":142324},"minecraft:used":{"minecraft:blaze_spawn_egg":9,"minecraft:evoker_spawn_egg":5,"minecraft:ocelot_spawn_egg":8,"minecraft:zombie_pigman_spawn_egg":4,"minecraft:bow":17,"minecraft:guardian_spawn_egg":5,"minecraft:drowned_spawn_egg":5,"minecraft:polar_bear_spawn_egg":4,"minecraft:zombie_spawn_egg":5,"minecraft:tropical_fish_spawn_egg":6,"minecraft:snowball":7,"minecraft:llama_spawn_egg":4}},"DataVersion":2225}