{"stats":{"minecraft:mined":{"minecraft:honey_block":11,"minecraft:white_stained_glass":8,"minecraft:red_stained_glass":66,"minecraft:slime_block":75,"minecraft:tnt":154,"minecraft:green_stained_glass":45},"minecraft:custom":{"minecraft:time_since_rest":3729,"minecraft:crouch_one_cm":26905,"minecraft:play_one_minute":88406,"minecraft:sprint_one_cm":205528,"minecraft:deaths":69,"minecraft:damage_taken":5907,"minecraft:walk_one_cm":192264,"minecraft:sneak_time":8427,"minecraft:drop":1,"minecraft:aviate_one_cm":172418,"minecraft:jump":1254,"minecraft:minecart_one_cm":2391,"minecraft:damage_dealt":176,"minecraft:leave_game":2,"minecraft:time_since_death":3728,"minecraft:damage_resisted":251,"minecraft:fall_one_cm":79912,"minecraft:fly_one_cm":808007,"minecraft:player_kills":4},"minecraft:dropped":{"minecraft:snowball":1},"minecraft:killed_by":{"minecraft:player":2},"minecraft:used":{"minecraft:evoker_spawn_egg":2,"minecraft:blaze_spawn_egg":11,"minecraft:ocelot_spawn_egg":15,"minecraft:zombie_pigman_spawn_egg":1,"minecraft:bow":37,"minecraft:guardian_spawn_egg":16,"minecraft:drowned_spawn_egg":2,"minecraft:ender_pearl":3,"minecraft:polar_bear_spawn_egg":9,"minecraft:zombie_spawn_egg":12,"minecraft:tropical_fish_spawn_egg":6,"minecraft:snowball":8,"minecraft:llama_spawn_egg":8}},"DataVersion":2223}