{"stats":{"minecraft:dropped":{"minecraft:firework_star":21},"minecraft:killed_by":{"minecraft:player":10,"minecraft:creeper":8},"minecraft:mined":{"minecraft:red_stained_glass":167,"minecraft:tnt":39,"minecraft:green_stained_glass":66,"minecraft:honey_block":2,"minecraft:gray_stained_glass":1,"minecraft:white_stained_glass":7,"minecraft:pink_stained_glass":4,"minecraft:lime_stained_glass":9,"minecraft:slime_block":14,"minecraft:piston":1},"minecraft:custom":{"minecraft:time_since_rest":7302,"minecraft:sprint_one_cm":365490,"minecraft:damage_taken":12203,"minecraft:walk_one_cm":406470,"minecraft:drop":21,"minecraft:minecart_one_cm":7980,"minecraft:damage_dealt":1476,"minecraft:fly_one_cm":1191197,"minecraft:player_kills":11,"minecraft:crouch_one_cm":12113,"minecraft:play_one_minute":146009,"minecraft:deaths":96,"minecraft:sneak_time":8849,"minecraft:aviate_one_cm":205975,"minecraft:jump":2257,"minecraft:leave_game":8,"minecraft:time_since_death":7299,"minecraft:damage_resisted":63,"minecraft:fall_one_cm":242597},"minecraft:used":{"minecraft:wandering_trader_spawn_egg":6,"minecraft:zombie_horse_spawn_egg":14,"minecraft:command_block":5,"minecraft:red_concrete":43,"minecraft:zombie_spawn_egg":38,"minecraft:tropical_fish_spawn_egg":3,"minecraft:llama_spawn_egg":24,"minecraft:magma_cube_spawn_egg":4,"minecraft:blaze_spawn_egg":32,"minecraft:evoker_spawn_egg":4,"minecraft:debug_stick":43,"minecraft:ocelot_spawn_egg":32,"minecraft:zombie_pigman_spawn_egg":7,"minecraft:bow":142,"minecraft:guardian_spawn_egg":45,"minecraft:phantom_spawn_egg":9,"minecraft:drowned_spawn_egg":10,"minecraft:polar_bear_spawn_egg":37,"minecraft:skeleton_horse_spawn_egg":6,"minecraft:snowball":13}},"DataVersion":2227}