{"stats":{"minecraft:used":{"minecraft:barrier":4,"minecraft:slime_block":70,"minecraft:white_stained_glass":50,"minecraft:sticky_piston":39,"minecraft:white_wool":41,"minecraft:piston":37,"minecraft:honey_block":37,"minecraft:redstone_lamp":4,"minecraft:redstone_block":15,"minecraft:observer":82,"minecraft:tnt":42,"minecraft:obsidian":94,"minecraft:structure_block":6},"minecraft:custom":{"minecraft:jump":328,"minecraft:time_since_rest":93058,"minecraft:crouch_one_cm":618,"minecraft:play_one_minute":93058,"minecraft:sprint_one_cm":14389,"minecraft:time_since_death":93058,"minecraft:walk_one_cm":30395,"minecraft:sneak_time":2035,"minecraft:fly_one_cm":646030,"minecraft:leave_game":1}},"DataVersion":2212}