{"stats":{"minecraft:used":{"minecraft:blaze_spawn_egg":6,"minecraft:wandering_trader_spawn_egg":4,"minecraft:magma_cube_spawn_egg":8,"minecraft:evoker_spawn_egg":5,"minecraft:zombie_horse_spawn_egg":23,"minecraft:ocelot_spawn_egg":14,"minecraft:zombie_pigman_spawn_egg":11,"minecraft:bow":29,"minecraft:guardian_spawn_egg":7,"minecraft:phantom_spawn_egg":8,"minecraft:drowned_spawn_egg":7,"minecraft:ender_pearl":11,"minecraft:polar_bear_spawn_egg":10,"minecraft:skeleton_horse_spawn_egg":3,"minecraft:zombie_spawn_egg":12,"minecraft:tropical_fish_spawn_egg":6,"minecraft:snowball":8,"minecraft:llama_spawn_egg":9},"minecraft:custom":{"minecraft:time_since_rest":1586,"minecraft:play_one_minute":29267,"minecraft:crouch_one_cm":10553,"minecraft:sprint_one_cm":57512,"minecraft:walk_one_cm":69733,"minecraft:damage_taken":1075,"minecraft:deaths":50,"minecraft:sneak_time":4953,"minecraft:jump":401,"minecraft:leave_game":1,"minecraft:time_since_death":1582,"minecraft:fall_one_cm":34748,"minecraft:fly_one_cm":220636},"minecraft:mined":{"minecraft:honey_block":1,"minecraft:white_stained_glass":10,"minecraft:red_stained_glass":12,"minecraft:slime_block":2,"minecraft:lime_stained_glass":5,"minecraft:tnt":11,"minecraft:green_stained_glass":16}},"DataVersion":2227}