{"stats":{"minecraft:dropped":{"minecraft:light_blue_stained_glass":1,"minecraft:smooth_quartz_stairs":1,"minecraft:smooth_quartz":1},"minecraft:custom":{"minecraft:time_since_rest":44300,"minecraft:play_one_minute":53563,"minecraft:crouch_one_cm":6936,"minecraft:sprint_one_cm":76803,"minecraft:walk_one_cm":58330,"minecraft:damage_taken":250,"minecraft:deaths":5,"minecraft:sneak_time":4808,"minecraft:drop":3,"minecraft:jump":271,"minecraft:leave_game":1,"minecraft:time_since_death":44297,"minecraft:fall_one_cm":3752,"minecraft:fly_one_cm":576384,"minecraft:player_kills":1},"minecraft:mined":{"minecraft:white_stained_glass":10,"minecraft:pink_stained_glass":19,"minecraft:red_stained_glass":28,"minecraft:lime_stained_glass":10,"minecraft:tnt":2,"minecraft:green_stained_glass":4},"minecraft:used":{"minecraft:smooth_quartz_stairs":150,"minecraft:blaze_spawn_egg":4,"minecraft:blue_glazed_terracotta":20,"minecraft:ocelot_spawn_egg":2,"minecraft:blue_terracotta":2,"minecraft:purple_concrete":4,"minecraft:bow":12,"minecraft:quartz_pillar":218,"minecraft:red_wool":1,"minecraft:guardian_spawn_egg":7,"minecraft:quartz_slab":140,"minecraft:light_blue_terracotta":1,"minecraft:chiseled_quartz_block":9,"minecraft:ender_pearl":2,"minecraft:polar_bear_spawn_egg":9,"minecraft:blue_concrete":128,"minecraft:zombie_spawn_egg":2,"minecraft:smooth_quartz":10,"minecraft:light_blue_stained_glass":183,"minecraft:snowball":7}},"DataVersion":2217}