{"stats":{"minecraft:killed_by":{"minecraft:player":7},"minecraft:used":{"minecraft:wandering_trader_spawn_egg":6,"minecraft:blaze_spawn_egg":6,"minecraft:magma_cube_spawn_egg":3,"minecraft:evoker_spawn_egg":6,"minecraft:ocelot_spawn_egg":9,"minecraft:zombie_horse_spawn_egg":14,"minecraft:zombie_pigman_spawn_egg":6,"minecraft:bow":15,"minecraft:guardian_spawn_egg":8,"minecraft:phantom_spawn_egg":3,"minecraft:drowned_spawn_egg":7,"minecraft:polar_bear_spawn_egg":8,"minecraft:skeleton_horse_spawn_egg":15,"minecraft:zombie_spawn_egg":5,"minecraft:tropical_fish_spawn_egg":8,"minecraft:snowball":5,"minecraft:llama_spawn_egg":4},"minecraft:mined":{"minecraft:honey_block":46,"minecraft:white_stained_glass":25,"minecraft:red_stained_glass":9,"minecraft:sticky_piston":2,"minecraft:slime_block":50,"minecraft:lime_stained_glass":46,"minecraft:tnt":145,"minecraft:piston":2,"minecraft:green_stained_glass":14},"minecraft:custom":{"minecraft:time_since_rest":3116,"minecraft:crouch_one_cm":3581,"minecraft:play_one_minute":44831,"minecraft:sprint_one_cm":113008,"minecraft:walk_one_cm":126080,"minecraft:damage_taken":4535,"minecraft:deaths":59,"minecraft:sneak_time":2222,"minecraft:leave_game":1,"minecraft:aviate_one_cm":21404,"minecraft:jump":459,"minecraft:minecart_one_cm":3277,"minecraft:damage_dealt":67,"minecraft:time_since_death":3113,"minecraft:fall_one_cm":180314,"minecraft:fly_one_cm":331200,"minecraft:player_kills":2}},"DataVersion":2227}