{"stats":{"minecraft:mined":{"minecraft:white_stained_glass":11,"minecraft:slime_block":11,"minecraft:lime_stained_glass":8,"minecraft:tnt":36,"minecraft:piston":2,"minecraft:green_stained_glass":5},"minecraft:used":{"minecraft:blaze_spawn_egg":16,"minecraft:evoker_spawn_egg":19,"minecraft:ocelot_spawn_egg":14,"minecraft:zombie_pigman_spawn_egg":11,"minecraft:bow":42,"minecraft:guardian_spawn_egg":16,"minecraft:drowned_spawn_egg":13,"minecraft:polar_bear_spawn_egg":8,"minecraft:zombie_spawn_egg":14,"minecraft:tropical_fish_spawn_egg":15,"minecraft:snowball":13,"minecraft:llama_spawn_egg":19},"minecraft:custom":{"minecraft:time_since_rest":1415,"minecraft:play_one_minute":43978,"minecraft:crouch_one_cm":3269,"minecraft:sprint_one_cm":97963,"minecraft:walk_one_cm":148077,"minecraft:damage_taken":4164,"minecraft:deaths":41,"minecraft:sneak_time":1132,"minecraft:aviate_one_cm":22596,"minecraft:jump":710,"minecraft:minecart_one_cm":10409,"minecraft:damage_dealt":53,"minecraft:leave_game":1,"minecraft:time_since_death":1410,"minecraft:fall_one_cm":93837,"minecraft:fly_one_cm":302254,"minecraft:player_kills":1}},"DataVersion":2220}