{"stats":{"minecraft:mined":{"minecraft:honey_block":10,"minecraft:red_stained_glass":64,"minecraft:slime_block":24,"minecraft:tnt":100,"minecraft:green_stained_glass":139},"minecraft:custom":{"minecraft:time_since_rest":597,"minecraft:play_one_minute":82541,"minecraft:crouch_one_cm":21570,"minecraft:sprint_one_cm":197528,"minecraft:walk_one_cm":205906,"minecraft:damage_taken":6060,"minecraft:deaths":109,"minecraft:sneak_time":9780,"minecraft:aviate_one_cm":313961,"minecraft:jump":1268,"minecraft:damage_dealt":570,"minecraft:leave_game":1,"minecraft:time_since_death":594,"minecraft:damage_resisted":90,"minecraft:fall_one_cm":116112,"minecraft:fly_one_cm":1027261,"minecraft:player_kills":5},"minecraft:killed_by":{"minecraft:creeper":1,"minecraft:player":4},"minecraft:used":{"minecraft:blaze_spawn_egg":23,"minecraft:evoker_spawn_egg":18,"minecraft:ocelot_spawn_egg":23,"minecraft:zombie_pigman_spawn_egg":19,"minecraft:bow":54,"minecraft:guardian_spawn_egg":23,"minecraft:drowned_spawn_egg":13,"minecraft:polar_bear_spawn_egg":21,"minecraft:zombie_spawn_egg":23,"minecraft:tropical_fish_spawn_egg":18,"minecraft:snowball":16,"minecraft:llama_spawn_egg":26},"minecraft:crafted":{"minecraft:elytra":3}},"DataVersion":2223}