{"stats":{"minecraft:mined":{"minecraft:honey_block":21,"minecraft:red_stained_glass":94,"minecraft:slime_block":31,"minecraft:lime_stained_glass":7,"minecraft:tnt":164,"minecraft:green_stained_glass":27},"minecraft:custom":{"minecraft:time_since_rest":2011,"minecraft:play_one_minute":56188,"minecraft:crouch_one_cm":12891,"minecraft:sprint_one_cm":241114,"minecraft:walk_one_cm":165895,"minecraft:damage_taken":6072,"minecraft:deaths":41,"minecraft:sneak_time":4647,"minecraft:drop":1,"minecraft:aviate_one_cm":90114,"minecraft:jump":897,"minecraft:leave_game":1,"minecraft:minecart_one_cm":7004,"minecraft:damage_dealt":427,"minecraft:time_since_death":2009,"minecraft:fall_one_cm":92148,"minecraft:fly_one_cm":492089,"minecraft:player_kills":5},"minecraft:dropped":{"minecraft:elytra":1},"minecraft:killed_by":{"minecraft:creeper":4,"minecraft:player":5},"minecraft:used":{"minecraft:blaze_spawn_egg":6,"minecraft:evoker_spawn_egg":8,"minecraft:ocelot_spawn_egg":14,"minecraft:zombie_pigman_spawn_egg":12,"minecraft:bow":39,"minecraft:guardian_spawn_egg":9,"minecraft:drowned_spawn_egg":11,"minecraft:polar_bear_spawn_egg":12,"minecraft:zombie_spawn_egg":12,"minecraft:tropical_fish_spawn_egg":9,"minecraft:snowball":5,"minecraft:llama_spawn_egg":13},"minecraft:picked_up":{"minecraft:elytra":1},"minecraft:crafted":{"minecraft:elytra":1}},"DataVersion":2223}