{"stats":{"minecraft:mined":{"minecraft:tnt":8},"minecraft:custom":{"minecraft:time_since_rest":4889,"minecraft:play_one_minute":15495,"minecraft:crouch_one_cm":146,"minecraft:sprint_one_cm":15208,"minecraft:walk_one_cm":34423,"minecraft:damage_taken":1381,"minecraft:deaths":11,"minecraft:sneak_time":266,"minecraft:drop":4,"minecraft:aviate_one_cm":44000,"minecraft:jump":60,"minecraft:minecart_one_cm":449,"minecraft:leave_game":1,"minecraft:time_since_death":4888,"minecraft:fall_one_cm":7095,"minecraft:fly_one_cm":19455},"minecraft:dropped":{"minecraft:bow":4},"minecraft:used":{"minecraft:evoker_spawn_egg":1,"minecraft:blaze_spawn_egg":2,"minecraft:ocelot_spawn_egg":3,"minecraft:zombie_pigman_spawn_egg":2,"minecraft:bow":6,"minecraft:guardian_spawn_egg":2,"minecraft:drowned_spawn_egg":3,"minecraft:polar_bear_spawn_egg":3,"minecraft:zombie_spawn_egg":3,"minecraft:tropical_fish_spawn_egg":2,"minecraft:snowball":1,"minecraft:llama_spawn_egg":2}},"DataVersion":2223}