{"stats":{"minecraft:custom":{"minecraft:time_since_rest":19479,"minecraft:crouch_one_cm":2449,"minecraft:play_one_minute":44326,"minecraft:sprint_one_cm":155534,"minecraft:deaths":19,"minecraft:damage_taken":3207,"minecraft:walk_one_cm":102268,"minecraft:sneak_time":761,"minecraft:jump":407,"minecraft:damage_dealt":206,"minecraft:leave_game":3,"minecraft:time_since_death":19475,"minecraft:damage_resisted":400,"minecraft:fall_one_cm":29192,"minecraft:fly_one_cm":310062,"minecraft:player_kills":1},"minecraft:mined":{"minecraft:white_stained_glass":1},"minecraft:used":{"minecraft:blaze_spawn_egg":3,"minecraft:ocelot_spawn_egg":3,"minecraft:bow":22,"minecraft:guardian_spawn_egg":6,"minecraft:polar_bear_spawn_egg":4,"minecraft:zombie_spawn_egg":4,"minecraft:snowball":6,"minecraft:llama_spawn_egg":4}},"DataVersion":2217}