{"stats":{"minecraft:mined":{"minecraft:honey_block":6,"minecraft:white_stained_glass":3,"minecraft:slime_block":44,"minecraft:tnt":129},"minecraft:custom":{"minecraft:time_since_rest":133,"minecraft:crouch_one_cm":1946,"minecraft:play_one_minute":55321,"minecraft:sprint_one_cm":93538,"minecraft:deaths":49,"minecraft:damage_taken":3050,"minecraft:walk_one_cm":71137,"minecraft:sneak_time":878,"minecraft:drop":11,"minecraft:aviate_one_cm":73022,"minecraft:jump":776,"minecraft:leave_game":3,"minecraft:time_since_death":129,"minecraft:damage_resisted":20,"minecraft:fall_one_cm":27148,"minecraft:fly_one_cm":475109},"minecraft:dropped":{"minecraft:zombie_spawn_egg":2,"minecraft:bow":1,"minecraft:llama_spawn_egg":2,"minecraft:ocelot_spawn_egg":3,"minecraft:polar_bear_spawn_egg":3},"minecraft:used":{"minecraft:evoker_spawn_egg":3,"minecraft:blaze_spawn_egg":12,"minecraft:ocelot_spawn_egg":7,"minecraft:zombie_pigman_spawn_egg":2,"minecraft:bow":26,"minecraft:guardian_spawn_egg":10,"minecraft:drowned_spawn_egg":7,"minecraft:polar_bear_spawn_egg":12,"minecraft:zombie_spawn_egg":9,"minecraft:tropical_fish_spawn_egg":5,"minecraft:snowball":16,"minecraft:llama_spawn_egg":7},"minecraft:picked_up":{"minecraft:bow":1}},"DataVersion":2225}