{"stats":{"minecraft:used":{"minecraft:wandering_trader_spawn_egg":6,"minecraft:zombie_horse_spawn_egg":8,"minecraft:pufferfish_spawn_egg":10,"minecraft:zombie_spawn_egg":4,"minecraft:tropical_fish_spawn_egg":5,"minecraft:llama_spawn_egg":6,"minecraft:horse_spawn_egg":3,"minecraft:blaze_spawn_egg":1,"minecraft:magma_cube_spawn_egg":1,"minecraft:evoker_spawn_egg":2,"minecraft:ocelot_spawn_egg":4,"minecraft:zombie_pigman_spawn_egg":8,"minecraft:bow":16,"minecraft:guardian_spawn_egg":5,"minecraft:phantom_spawn_egg":5,"minecraft:drowned_spawn_egg":8,"minecraft:polar_bear_spawn_egg":4,"minecraft:skeleton_horse_spawn_egg":1,"minecraft:snowball":11},"minecraft:picked_up":{"minecraft:polar_bear_spawn_egg":1},"minecraft:dropped":{"minecraft:firework_star":10,"minecraft:guardian_spawn_egg":1,"minecraft:polar_bear_spawn_egg":1},"minecraft:mined":{"minecraft:red_stained_glass":3,"minecraft:tnt":9,"minecraft:green_stained_glass":8,"minecraft:honey_block":5,"minecraft:white_stained_glass":6,"minecraft:pink_stained_glass":14,"minecraft:slime_block":5,"minecraft:piston":1},"minecraft:killed_by":{"minecraft:player":4,"minecraft:creeper":5},"minecraft:custom":{"minecraft:time_since_rest":4038,"minecraft:sprint_one_cm":94079,"minecraft:damage_taken":7785,"minecraft:walk_one_cm":100978,"minecraft:drop":12,"minecraft:minecart_one_cm":2528,"minecraft:damage_dealt":30,"minecraft:fly_one_cm":199456,"minecraft:crouch_one_cm":15967,"minecraft:play_one_minute":32412,"minecraft:deaths":37,"minecraft:sneak_time":3287,"minecraft:aviate_one_cm":99422,"minecraft:jump":418,"minecraft:leave_game":1,"minecraft:time_since_death":4034,"minecraft:fall_one_cm":50437}},"DataVersion":2230}