{"stats":{"minecraft:mined":{"minecraft:white_bed":1,"minecraft:red_stained_glass":220,"minecraft:white_stained_glass":115,"minecraft:pink_stained_glass":86,"minecraft:lime_stained_glass":73,"minecraft:black_stained_glass_pane":4,"minecraft:sticky_piston":1,"minecraft:green_stained_glass":241,"minecraft:piston_head":1,"minecraft:honey_block":82,"minecraft:gray_stained_glass":10,"minecraft:slime_block":218,"minecraft:black_stained_glass":7,"minecraft:light_gray_stained_glass":7,"minecraft:tnt":1074},"minecraft:dropped":{"minecraft:evoker_spawn_egg":2,"minecraft:repeating_command_block":1,"minecraft:piston":1,"minecraft:black_dye":45,"minecraft:tnt":3,"minecraft:minecart":1,"minecraft:guardian_spawn_egg":1,"minecraft:skeleton_horse_spawn_egg":2,"minecraft:elytra":1,"minecraft:red_carpet":1,"minecraft:gold_block":1,"minecraft:dirt":9,"minecraft:light_blue_stained_glass":1,"minecraft:smooth_quartz":7,"minecraft:blaze_spawn_egg":2,"minecraft:sand":15,"minecraft:redstone_block":2,"minecraft:red_concrete":1,"minecraft:zombie_spawn_egg":2,"minecraft:sticky_piston":1,"minecraft:obsidian":2,"minecraft:phantom_spawn_egg":2,"minecraft:honey_bottle":21,"minecraft:oak_sign":3,"minecraft:firework_star":90,"minecraft:leather_chestplate":2,"minecraft:honey_block":25,"minecraft:arrow":7,"minecraft:bow":4,"minecraft:magma_cube_spawn_egg":2,"minecraft:written_book":31,"minecraft:green_stained_glass":1,"minecraft:egg":1},"minecraft:used":{"minecraft:oak_fence":17,"minecraft:oak_trapdoor":5,"minecraft:trident":26,"minecraft:blue_terracotta":155,"minecraft:iron_bars":27,"minecraft:enchanting_table":1,"minecraft:trader_llama_spawn_egg":6,"minecraft:orange_concrete":283,"minecraft:flint_and_steel":96,"minecraft:pufferfish_spawn_egg":45,"minecraft:smooth_quartz_slab":449,"minecraft:dispenser":8,"minecraft:red_concrete":1035,"minecraft:dead_tube_coral_fan":34,"minecraft:redstone":51,"minecraft:oak_sign":354,"minecraft:spruce_planks":17,"minecraft:chest":11,"minecraft:white_terracotta":61,"minecraft:stone":429,"minecraft:zombie_spawn_egg":537,"minecraft:wither_skeleton_spawn_egg":5,"minecraft:vex_spawn_egg":47,"minecraft:quartz_stairs":56,"minecraft:player_head":37,"minecraft:grass":3,"minecraft:structure_block":450,"minecraft:green_terracotta":29,"minecraft:bee_spawn_egg":6,"minecraft:debug_stick":645,"minecraft:orange_stained_glass":44,"minecraft:torch":6,"minecraft:end_stone_brick_wall":26,"minecraft:lily_of_the_valley":1,"minecraft:dirt":74,"minecraft:anvil":1,"minecraft:red_nether_brick_slab":1,"minecraft:stray_spawn_egg":24,"minecraft:white_carpet":3,"minecraft:blue_stained_glass":233,"minecraft:twisting_vines":4,"minecraft:cobblestone_wall":28,"minecraft:warped_door":2,"minecraft:yellow_carpet":237,"minecraft:acacia_button":1,"minecraft:jungle_trapdoor":4,"minecraft:snowball":613,"minecraft:light_blue_stained_glass":1021,"minecraft:blue_concrete":42,"minecraft:weeping_vines":11,"minecraft:obsidian":3172,"minecraft:polished_diorite":18,"minecraft:wandering_trader_spawn_egg":61,"minecraft:glass":211,"minecraft:packed_ice":40,"minecraft:honey_block":2699,"minecraft:sea_lantern":381,"minecraft:cyan_terracotta":28,"minecraft:coal_ore":10,"minecraft:light_gray_stained_glass":51,"minecraft:quartz_pillar":149,"minecraft:panda_spawn_egg":7,"minecraft:yellow_stained_glass":274,"minecraft:quartz_slab":41,"minecraft:grass_block":74,"minecraft:iron_block":89,"minecraft:black_stained_glass_pane":22,"minecraft:lantern":1,"minecraft:blue_orchid":3,"minecraft:spruce_button":12,"minecraft:slime_block":1993,"minecraft:quartz_block":218,"minecraft:warped_nylium":12,"minecraft:smooth_quartz":15438,"minecraft:tropical_fish_spawn_egg":332,"minecraft:dark_oak_button":1,"minecraft:diorite_wall":4,"minecraft:tall_grass":3,"minecraft:repeater":2,"minecraft:honeycomb_block":7,"minecraft:blaze_spawn_egg":473,"minecraft:magma_cube_spawn_egg":103,"minecraft:bedrock":123,"minecraft:light_gray_wool":2,"minecraft:snow":3,"minecraft:birch_trapdoor":10,"minecraft:red_carpet":111,"minecraft:redstone_lamp":1,"minecraft:bow":1322,"minecraft:lime_concrete":538,"minecraft:black_stained_glass":64,"minecraft:emerald_block":12,"minecraft:scaffolding":1,"minecraft:written_book":110,"minecraft:guardian_spawn_egg":729,"minecraft:soul_soil":2,"minecraft:wolf_spawn_egg":3,"minecraft:lime_stained_glass":170,"minecraft:salmon_spawn_egg":1,"minecraft:podzol":6,"minecraft:drowned_spawn_egg":241,"minecraft:minecart":40,"minecraft:gold_block":44,"minecraft:egg":225,"minecraft:cooked_beef":5,"minecraft:zombified_piglin_spawn_egg":167,"minecraft:observer":2000,"minecraft:orange_terracotta":786,"minecraft:spider_spawn_egg":8,"minecraft:zombie_horse_spawn_egg":180,"minecraft:water_bucket":23,"minecraft:diorite":10,"minecraft:end_rod":7,"minecraft:end_stone_bricks":1,"minecraft:snow_block":548,"minecraft:birch_planks":8,"minecraft:stripped_birch_log":19,"minecraft:red_stained_glass":267,"minecraft:gray_carpet":9,"minecraft:lily_pad":3,"minecraft:polished_diorite_slab":1,"minecraft:ender_pearl":38,"minecraft:sandstone":7,"minecraft:cut_sandstone":31,"minecraft:redstone_block":1857,"minecraft:structure_void":190,"minecraft:llama_spawn_egg":374,"minecraft:red_glazed_terracotta":1,"minecraft:vindicator_spawn_egg":2,"minecraft:horse_spawn_egg":5,"minecraft:smooth_quartz_stairs":720,"minecraft:oak_leaves":14,"minecraft:white_wool":5,"minecraft:pink_concrete":79,"minecraft:vine":17,"minecraft:diamond_block":17,"minecraft:rail":22,"minecraft:sand":1,"minecraft:lime_terracotta":63,"minecraft:comparator":4,"minecraft:terracotta":37,"minecraft:yellow_terracotta":123,"minecraft:oak_slab":2,"minecraft:tnt":1361,"minecraft:phantom_spawn_egg":119,"minecraft:birch_sign":8,"minecraft:light_gray_terracotta":88,"minecraft:yellow_concrete":523,"minecraft:cave_spider_spawn_egg":35,"minecraft:white_bed":2,"minecraft:light_gray_concrete_powder":1,"minecraft:chiseled_quartz_block":368,"minecraft:polar_bear_spawn_egg":623,"minecraft:skeleton_horse_spawn_egg":72,"minecraft:mushroom_stem":200,"minecraft:bat_spawn_egg":73,"minecraft:sticky_piston":994,"minecraft:redstone_torch":14,"minecraft:birch_fence":45,"minecraft:oak_log":24,"minecraft:purple_stained_glass":24,"minecraft:black_terracotta":103,"minecraft:piston":1676,"minecraft:gray_terracotta":31,"minecraft:lever":49,"minecraft:green_concrete":189,"minecraft:black_concrete":39,"minecraft:activator_rail":1,"minecraft:firework_rocket":20,"minecraft:command_block":95,"minecraft:gray_stained_glass_pane":17,"minecraft:lime_carpet":122,"minecraft:light_gray_concrete":296,"minecraft:barrier":570,"minecraft:oak_button":6,"minecraft:string":24,"minecraft:brown_stained_glass":118,"minecraft:stone_button":12,"minecraft:detector_rail":29,"minecraft:red_terracotta":371,"minecraft:spruce_trapdoor":8,"minecraft:oak_pressure_plate":1,"minecraft:iron_door":2,"minecraft:prismarine_wall":3,"minecraft:cat_spawn_egg":2,"minecraft:evoker_spawn_egg":248,"minecraft:ocelot_spawn_egg":633,"minecraft:coal_block":79,"minecraft:crimson_door":5,"minecraft:white_stained_glass":1194,"minecraft:chain_command_block":53,"minecraft:birch_log":2,"minecraft:grass_path":4,"minecraft:pink_stained_glass":86,"minecraft:magenta_glazed_terracotta":6,"minecraft:repeating_command_block":37,"minecraft:stripped_oak_log":1,"minecraft:white_concrete":378,"minecraft:husk_spawn_egg":4,"minecraft:coarse_dirt":5,"minecraft:soul_torch":4,"minecraft:gray_stained_glass":55,"minecraft:pillager_spawn_egg":3,"minecraft:green_stained_glass":163},"minecraft:killed":{"minecraft:ghast":1},"minecraft:custom":{"minecraft:mob_kills":2,"minecraft:leave_game":172,"minecraft:time_since_death":18570,"minecraft:damage_resisted":12705,"minecraft:climb_one_cm":8860,"minecraft:sprint_one_cm":7388954,"minecraft:walk_one_cm":6748958,"minecraft:drop":290,"minecraft:walk_under_water_one_cm":677,"minecraft:deaths":1548,"minecraft:sneak_time":259524,"minecraft:jump":41678,"minecraft:walk_on_water_one_cm":1046,"minecraft:play_one_minute":8263773,"minecraft:time_since_rest":18571,"minecraft:damage_taken":151204,"minecraft:minecart_one_cm":30168,"minecraft:damage_dealt":10572,"minecraft:fly_one_cm":49486248,"minecraft:player_kills":120,"minecraft:open_chest":53,"minecraft:crouch_one_cm":265271,"minecraft:aviate_one_cm":2164757,"minecraft:fall_one_cm":2629356,"minecraft:inspect_dispenser":13},"minecraft:killed_by":{"minecraft:player":99,"minecraft:creeper":60},"minecraft:picked_up":{"minecraft:blaze_spawn_egg":2,"minecraft:redstone_block":1,"minecraft:gold_block":1,"minecraft:magma_cube_spawn_egg":9,"minecraft:elytra":1,"minecraft:ocelot_spawn_egg":7,"minecraft:sticky_piston":1,"minecraft:oak_sign":4,"minecraft:written_book":10,"minecraft:smooth_quartz":8,"minecraft:minecart":1,"minecraft:piston":1,"minecraft:smooth_quartz_stairs":1,"minecraft:black_dye":1,"minecraft:zombie_spawn_egg":2,"minecraft:tnt":2094,"minecraft:phantom_spawn_egg":8,"minecraft:repeating_command_block":1,"minecraft:arrow":6,"minecraft:honey_bottle":21,"minecraft:guardian_spawn_egg":1,"minecraft:obsidian":2,"minecraft:snowball":1,"minecraft:skeleton_horse_spawn_egg":3,"minecraft:zombie_horse_spawn_egg":3,"minecraft:red_carpet":1,"minecraft:bow":2,"minecraft:llama_spawn_egg":2,"minecraft:sand":14,"minecraft:green_stained_glass":1,"minecraft:light_blue_stained_glass":1,"minecraft:polar_bear_spawn_egg":3,"minecraft:sea_lantern":1,"minecraft:evoker_spawn_egg":80,"minecraft:firework_rocket":3930,"minecraft:honey_block":29,"minecraft:red_concrete":1}},"DataVersion":2567}