{"stats":{"minecraft:mined":{"minecraft:red_stained_glass":22,"minecraft:lime_stained_glass":1,"minecraft:slime_block":1,"minecraft:tnt":28,"minecraft:green_stained_glass":1},"minecraft:used":{"minecraft:evoker_spawn_egg":2,"minecraft:ocelot_spawn_egg":1,"minecraft:sea_lantern":3,"minecraft:bow":4,"minecraft:written_book":2,"minecraft:guardian_spawn_egg":2,"minecraft:phantom_spawn_egg":2,"minecraft:polar_bear_spawn_egg":2,"minecraft:tropical_fish_spawn_egg":2,"minecraft:zombie_spawn_egg":5,"minecraft:smooth_quartz":2,"minecraft:llama_spawn_egg":4},"minecraft:picked_up":{"minecraft:written_book":1},"minecraft:custom":{"minecraft:time_since_rest":10262,"minecraft:crouch_one_cm":1507,"minecraft:play_one_minute":65845,"minecraft:sprint_one_cm":71429,"minecraft:damage_taken":975,"minecraft:deaths":10,"minecraft:walk_one_cm":31988,"minecraft:sneak_time":1590,"minecraft:drop":1,"minecraft:aviate_one_cm":58103,"minecraft:jump":574,"minecraft:leave_game":5,"minecraft:time_since_death":10258,"minecraft:damage_resisted":30,"minecraft:fall_one_cm":56452,"minecraft:fly_one_cm":969677},"minecraft:dropped":{"minecraft:written_book":1}},"DataVersion":2227}