{"stats":{"minecraft:killed_by":{"minecraft:player":2},"minecraft:mined":{"minecraft:honey_block":1,"minecraft:slime_block":7,"minecraft:tnt":25},"minecraft:custom":{"minecraft:time_since_rest":574,"minecraft:crouch_one_cm":2402,"minecraft:play_one_minute":59101,"minecraft:sprint_one_cm":106355,"minecraft:deaths":87,"minecraft:damage_taken":8888,"minecraft:walk_one_cm":119452,"minecraft:sneak_time":1373,"minecraft:aviate_one_cm":151008,"minecraft:jump":833,"minecraft:damage_dealt":28,"minecraft:leave_game":5,"minecraft:time_since_death":573,"minecraft:damage_resisted":20,"minecraft:fall_one_cm":60440,"minecraft:fly_one_cm":624700,"minecraft:player_kills":2},"minecraft:used":{"minecraft:blaze_spawn_egg":11,"minecraft:evoker_spawn_egg":11,"minecraft:ocelot_spawn_egg":18,"minecraft:zombie_pigman_spawn_egg":14,"minecraft:bow":37,"minecraft:guardian_spawn_egg":12,"minecraft:drowned_spawn_egg":20,"minecraft:polar_bear_spawn_egg":6,"minecraft:zombie_spawn_egg":11,"minecraft:tropical_fish_spawn_egg":20,"minecraft:snowball":8,"minecraft:llama_spawn_egg":10}},"DataVersion":2225}