{"stats":{"minecraft:killed_by":{"minecraft:player":1},"minecraft:used":{"minecraft:wandering_trader_spawn_egg":6,"minecraft:blaze_spawn_egg":7,"minecraft:magma_cube_spawn_egg":5,"minecraft:evoker_spawn_egg":2,"minecraft:zombie_horse_spawn_egg":15,"minecraft:ocelot_spawn_egg":8,"minecraft:zombie_pigman_spawn_egg":4,"minecraft:bow":5,"minecraft:guardian_spawn_egg":8,"minecraft:phantom_spawn_egg":6,"minecraft:drowned_spawn_egg":6,"minecraft:polar_bear_spawn_egg":5,"minecraft:skeleton_horse_spawn_egg":8,"minecraft:zombie_spawn_egg":6,"minecraft:tropical_fish_spawn_egg":8,"minecraft:snowball":2,"minecraft:llama_spawn_egg":5},"minecraft:custom":{"minecraft:time_since_rest":4637,"minecraft:play_one_minute":39590,"minecraft:crouch_one_cm":29323,"minecraft:sprint_one_cm":40653,"minecraft:deaths":18,"minecraft:damage_taken":1300,"minecraft:walk_one_cm":68514,"minecraft:sneak_time":12408,"minecraft:aviate_one_cm":22853,"minecraft:jump":222,"minecraft:damage_dealt":43,"minecraft:leave_game":1,"minecraft:time_since_death":4633,"minecraft:fall_one_cm":72142,"minecraft:fly_one_cm":228351,"minecraft:player_kills":1},"minecraft:mined":{"minecraft:honey_block":18,"minecraft:white_stained_glass":1,"minecraft:pink_stained_glass":6,"minecraft:red_stained_glass":99,"minecraft:slime_block":7,"minecraft:tnt":4,"minecraft:piston":1,"minecraft:green_stained_glass":4}},"DataVersion":2227}