{"stats":{"minecraft:dropped":{"minecraft:firework_star":11},"minecraft:killed_by":{"minecraft:player":28,"minecraft:creeper":11},"minecraft:mined":{"minecraft:light_gray_stained_glass":1,"minecraft:red_stained_glass":30,"minecraft:tnt":682,"minecraft:green_stained_glass":86,"minecraft:honey_block":51,"minecraft:white_stained_glass":3,"minecraft:pink_stained_glass":10,"minecraft:lime_stained_glass":34,"minecraft:slime_block":142},"minecraft:custom":{"minecraft:time_since_rest":1729,"minecraft:sprint_one_cm":642384,"minecraft:damage_taken":28121,"minecraft:walk_one_cm":746600,"minecraft:drop":9,"minecraft:minecart_one_cm":902,"minecraft:damage_dealt":2015,"minecraft:fly_one_cm":3441026,"minecraft:player_kills":25,"minecraft:play_one_minute":285482,"minecraft:crouch_one_cm":10191,"minecraft:deaths":291,"minecraft:sneak_time":4863,"minecraft:aviate_one_cm":257261,"minecraft:jump":5430,"minecraft:leave_game":5,"minecraft:time_since_death":1725,"minecraft:damage_resisted":30,"minecraft:fall_one_cm":1274489},"minecraft:used":{"minecraft:wandering_trader_spawn_egg":15,"minecraft:zombie_horse_spawn_egg":55,"minecraft:ender_pearl":1,"minecraft:zombie_spawn_egg":75,"minecraft:tropical_fish_spawn_egg":78,"minecraft:llama_spawn_egg":69,"minecraft:magma_cube_spawn_egg":19,"minecraft:blaze_spawn_egg":63,"minecraft:evoker_spawn_egg":68,"minecraft:ocelot_spawn_egg":89,"minecraft:zombie_pigman_spawn_egg":68,"minecraft:bow":254,"minecraft:guardian_spawn_egg":109,"minecraft:phantom_spawn_egg":18,"minecraft:drowned_spawn_egg":69,"minecraft:polar_bear_spawn_egg":84,"minecraft:skeleton_horse_spawn_egg":19,"minecraft:snowball":82}},"DataVersion":2227}