{"stats":{"minecraft:custom":{"minecraft:time_since_rest":1165,"minecraft:play_one_minute":105371,"minecraft:crouch_one_cm":6969,"minecraft:sprint_one_cm":64841,"minecraft:walk_one_cm":703072,"minecraft:damage_taken":9661,"minecraft:deaths":59,"minecraft:sneak_time":2341,"minecraft:jump":699,"minecraft:damage_dealt":925,"minecraft:leave_game":1,"minecraft:time_since_death":1163,"minecraft:damage_resisted":596,"minecraft:climb_one_cm":73569,"minecraft:fall_one_cm":83059,"minecraft:fly_one_cm":160338,"minecraft:player_kills":6},"minecraft:picked_up":{"minecraft:honey_block":1,"minecraft:elytra":1},"minecraft:killed_by":{"minecraft:player":23},"minecraft:mined":{"minecraft:white_stained_glass":4,"minecraft:pink_stained_glass":10,"minecraft:red_stained_glass":8,"minecraft:lime_stained_glass":3,"minecraft:tnt":4},"minecraft:used":{"minecraft:blaze_spawn_egg":23,"minecraft:ocelot_spawn_egg":39,"minecraft:honey_block":3,"minecraft:bow":29,"minecraft:guardian_spawn_egg":39,"minecraft:polar_bear_spawn_egg":24,"minecraft:zombie_spawn_egg":29,"minecraft:snowball":12,"minecraft:llama_spawn_egg":29}},"DataVersion":2218}