{"stats":{"minecraft:mined":{"minecraft:slime_block":3,"minecraft:tnt":20},"minecraft:custom":{"minecraft:jump":87,"minecraft:time_since_rest":2046,"minecraft:crouch_one_cm":196,"minecraft:play_one_minute":9528,"minecraft:deaths":9,"minecraft:sprint_one_cm":39332,"minecraft:damage_taken":1180,"minecraft:time_since_death":2032,"minecraft:walk_one_cm":15590,"minecraft:sneak_time":87,"minecraft:damage_resisted":50,"minecraft:fall_one_cm":9890,"minecraft:fly_one_cm":32376},"minecraft:used":{"minecraft:blaze_spawn_egg":1,"minecraft:ocelot_spawn_egg":2,"minecraft:polar_bear_spawn_egg":3,"minecraft:bow":11,"minecraft:snowball":3,"minecraft:guardian_spawn_egg":1,"minecraft:llama_spawn_egg":5}},"DataVersion":2230}