{"stats":{"minecraft:mined":{"minecraft:white_bed":1,"minecraft:red_stained_glass":173,"minecraft:white_stained_glass":227,"minecraft:redstone_wire":1,"minecraft:pink_stained_glass":81,"minecraft:lime_stained_glass":83,"minecraft:magenta_stained_glass_pane":5,"minecraft:black_stained_glass_pane":1,"minecraft:sticky_piston":1,"minecraft:detector_rail":1,"minecraft:green_stained_glass":198,"minecraft:piston_head":1,"minecraft:comparator":1,"minecraft:honey_block":282,"minecraft:gray_stained_glass":4,"minecraft:structure_void":38,"minecraft:slime_block":411,"minecraft:black_stained_glass":11,"minecraft:light_gray_stained_glass":9,"minecraft:redstone_torch":1,"minecraft:tnt":1050},"minecraft:dropped":{"minecraft:evoker_spawn_egg":71,"minecraft:wolf_spawn_egg":4,"minecraft:vindicator_spawn_egg":74,"minecraft:repeating_command_block":9,"minecraft:pink_stained_glass":3,"minecraft:piston":2,"minecraft:porkchop":158,"minecraft:black_dye":1,"minecraft:llama_spawn_egg":39,"minecraft:tnt":272,"minecraft:smooth_quartz_stairs":6,"minecraft:minecart":3,"minecraft:crossbow":7,"minecraft:guardian_spawn_egg":66,"minecraft:spider_spawn_egg":13,"minecraft:barrier":44,"minecraft:elder_guardian_spawn_egg":1,"minecraft:scute":4,"minecraft:leather":7,"minecraft:spruce_button":1,"minecraft:red_stained_glass":7,"minecraft:command_block":14,"minecraft:quartz_pillar":1,"minecraft:bedrock":1,"minecraft:carrot_on_a_stick":7,"minecraft:elytra":2,"minecraft:rail":2,"minecraft:polar_bear_spawn_egg":62,"minecraft:coal":3,"minecraft:stick":1,"minecraft:end_rod":64,"minecraft:gold_block":2,"minecraft:cobweb":1,"minecraft:iron_block":1,"minecraft:panda_spawn_egg":2,"minecraft:stone_button":129,"minecraft:dispenser":1,"minecraft:torch":64,"minecraft:husk_spawn_egg":4,"minecraft:smooth_quartz":15,"minecraft:vex_spawn_egg":2,"minecraft:blaze_spawn_egg":224,"minecraft:snowball":63,"minecraft:smooth_quartz_slab":1,"minecraft:zombie_horse_spawn_egg":3,"minecraft:tropical_fish_spawn_egg":53,"minecraft:black_stained_glass":1,"minecraft:redstone_block":195,"minecraft:redstone":64,"minecraft:oak_door":1,"minecraft:red_concrete":2,"minecraft:zombie_spawn_egg":48,"minecraft:lever":128,"minecraft:diamond_block":2,"minecraft:pufferfish_spawn_egg":59,"minecraft:jungle_fence_gate":2,"minecraft:player_head":3,"minecraft:chiseled_quartz_block":3,"minecraft:obsidian":14,"minecraft:composter":4,"minecraft:trader_llama_spawn_egg":55,"minecraft:magenta_stained_glass_pane":2,"minecraft:structure_block":21,"minecraft:slime_block":2,"minecraft:phantom_spawn_egg":2,"minecraft:debug_stick":2,"minecraft:zombified_piglin_spawn_egg":3,"minecraft:oak_sign":35,"minecraft:carrot":1,"minecraft:cave_spider_spawn_egg":7,"minecraft:birch_fence_gate":1,"minecraft:flint_and_steel":3,"minecraft:bat_spawn_egg":1,"minecraft:firework_star":375,"minecraft:snow":1,"minecraft:sea_lantern":2,"minecraft:stone":11,"minecraft:trident":1,"minecraft:ocelot_spawn_egg":129,"minecraft:birch_trapdoor":1,"minecraft:diorite_wall":1,"minecraft:quartz_block":7,"minecraft:honey_block":188,"minecraft:redstone_torch":128,"minecraft:stone_pressure_plate":1,"minecraft:iron_bars":1,"minecraft:arrow":75,"minecraft:bow":195,"minecraft:horse_spawn_egg":1,"minecraft:chain_command_block":1,"minecraft:magma_cube_spawn_egg":56,"minecraft:written_book":14,"minecraft:white_stained_glass":11,"minecraft:egg":13},"minecraft:used":{"minecraft:oak_fence":3,"minecraft:trident":56,"minecraft:iron_bars":8,"minecraft:trader_llama_spawn_egg":10,"minecraft:flint_and_steel":20,"minecraft:smooth_quartz_slab":5,"minecraft:pufferfish_spawn_egg":149,"minecraft:red_concrete":12,"minecraft:oak_sign":137,"minecraft:dispenser":66,"minecraft:redstone":19,"minecraft:ladder":2,"minecraft:stone":137,"minecraft:wither_skeleton_spawn_egg":25,"minecraft:zombie_spawn_egg":742,"minecraft:vex_spawn_egg":179,"minecraft:quartz_stairs":1,"minecraft:player_head":278,"minecraft:structure_block":190,"minecraft:debug_stick":4291,"minecraft:torch":3,"minecraft:stray_spawn_egg":65,"minecraft:blue_stained_glass":3,"minecraft:orange_wool":73,"minecraft:furnace_minecart":4,"minecraft:snowball":904,"minecraft:obsidian":241,"minecraft:wandering_trader_spawn_egg":78,"minecraft:honey_block":73,"minecraft:sea_lantern":8,"minecraft:cyan_terracotta":13,"minecraft:quartz_pillar":88,"minecraft:panda_spawn_egg":65,"minecraft:quartz_slab":4,"minecraft:jungle_fence_gate":11,"minecraft:red_wool":6,"minecraft:spruce_button":23,"minecraft:iron_block":2,"minecraft:slime_block":19,"minecraft:quartz_block":82,"minecraft:smooth_quartz":634,"minecraft:tropical_fish_spawn_egg":303,"minecraft:diorite_wall":4,"minecraft:blaze_spawn_egg":673,"minecraft:bedrock":20,"minecraft:magma_cube_spawn_egg":88,"minecraft:light_gray_wool":12,"minecraft:birch_button":1,"minecraft:birch_trapdoor":16,"minecraft:repeater":2,"minecraft:bow":2033,"minecraft:scaffolding":10,"minecraft:written_book":110,"minecraft:guardian_spawn_egg":902,"minecraft:wolf_spawn_egg":170,"minecraft:salmon_spawn_egg":6,"minecraft:lime_stained_glass":5,"minecraft:white_stained_glass_pane":18,"minecraft:drowned_spawn_egg":348,"minecraft:minecart":4,"minecraft:gold_block":5,"minecraft:egg":125,"minecraft:stone_pressure_plate":11,"minecraft:zombified_piglin_spawn_egg":287,"minecraft:spider_spawn_egg":27,"minecraft:zombie_horse_spawn_egg":197,"minecraft:water_bucket":1,"minecraft:end_rod":9,"minecraft:red_stained_glass":26,"minecraft:lime_wool":7,"minecraft:ender_pearl":50,"minecraft:redstone_block":30,"minecraft:llama_spawn_egg":645,"minecraft:vindicator_spawn_egg":9,"minecraft:horse_spawn_egg":22,"minecraft:smooth_quartz_stairs":25,"minecraft:diamond_block":2,"minecraft:lime_terracotta":3,"minecraft:rail":2,"minecraft:tnt":90,"minecraft:sponge":1,"minecraft:birch_sign":15,"minecraft:phantom_spawn_egg":142,"minecraft:crossbow":107,"minecraft:light_gray_terracotta":1,"minecraft:cave_spider_spawn_egg":56,"minecraft:lingering_potion":1,"minecraft:chiseled_quartz_block":137,"minecraft:polar_bear_spawn_egg":598,"minecraft:skeleton_horse_spawn_egg":59,"minecraft:mushroom_stem":9,"minecraft:bat_spawn_egg":28,"minecraft:birch_fence":81,"minecraft:redstone_torch":6,"minecraft:sticky_piston":9,"minecraft:piston":6,"minecraft:lever":8,"minecraft:firework_rocket":99,"minecraft:birch_fence_gate":3,"minecraft:command_block":75,"minecraft:heavy_weighted_pressure_plate":1,"minecraft:barrier":550,"minecraft:oak_button":1,"minecraft:stone_button":11,"minecraft:red_terracotta":3,"minecraft:cat_spawn_egg":38,"minecraft:evoker_spawn_egg":345,"minecraft:magenta_stained_glass_pane":5,"minecraft:ocelot_spawn_egg":1067,"minecraft:diamond_sword":25,"minecraft:white_stained_glass":127,"minecraft:chain_command_block":2,"minecraft:pink_stained_glass":45,"minecraft:repeating_command_block":38,"minecraft:husk_spawn_egg":86,"minecraft:pillager_spawn_egg":48,"minecraft:splash_potion":4,"minecraft:cobweb":15},"minecraft:killed":{"minecraft:zombified_piglin":3,"minecraft:bee":2,"minecraft:pig":1,"minecraft:creeper":2,"minecraft:zombie":3},"minecraft:custom":{"minecraft:mob_kills":20,"minecraft:leave_game":150,"minecraft:time_since_death":556,"minecraft:climb_one_cm":13771,"minecraft:damage_resisted":26024,"minecraft:sprint_one_cm":5714478,"minecraft:walk_one_cm":6326734,"minecraft:drop":1259,"minecraft:deaths":1898,"minecraft:sneak_time":52428,"minecraft:boat_one_cm":3505,"minecraft:jump":33042,"minecraft:walk_on_water_one_cm":413,"minecraft:play_one_minute":6498397,"minecraft:time_since_rest":557,"minecraft:damage_taken":247066,"minecraft:minecart_one_cm":105062,"minecraft:damage_dealt":14815,"minecraft:fly_one_cm":32785925,"minecraft:player_kills":118,"minecraft:open_chest":31,"minecraft:crouch_one_cm":88268,"minecraft:aviate_one_cm":4932931,"minecraft:fall_one_cm":3519078,"minecraft:inspect_dispenser":16},"minecraft:killed_by":{"minecraft:player":109,"minecraft:zombified_piglin":1,"minecraft:creeper":79,"minecraft:vex":2},"minecraft:picked_up":{"minecraft:firework_star":1,"minecraft:structure_block":1,"minecraft:stray_spawn_egg":1,"minecraft:ocelot_spawn_egg":6,"minecraft:white_stained_glass":1,"minecraft:written_book":4,"minecraft:smooth_quartz":1,"minecraft:smooth_quartz_stairs":4,"minecraft:composter":3,"minecraft:birch_trapdoor":1,"minecraft:porkchop":158,"minecraft:stone_button":64,"minecraft:zombie_spawn_egg":3,"minecraft:quartz_block":1,"minecraft:phantom_spawn_egg":1,"minecraft:guardian_spawn_egg":4,"minecraft:end_rod":64,"minecraft:snowball":4,"minecraft:barrier":2,"minecraft:leather":5,"minecraft:dirt":9,"minecraft:bow":1,"minecraft:cobweb":1,"minecraft:llama_spawn_egg":8,"minecraft:debug_stick":1,"minecraft:birch_fence_gate":1,"minecraft:polar_bear_spawn_egg":6,"minecraft:firework_rocket":14791,"minecraft:dispenser":1,"minecraft:tropical_fish_spawn_egg":2,"minecraft:honey_block":118,"minecraft:crossbow":7,"minecraft:scute":3,"minecraft:coal":1}},"DataVersion":2567}