{"stats":{"minecraft:dropped":{"minecraft:firework_star":12,"minecraft:zombie_spawn_egg":2,"minecraft:drowned_spawn_egg":1,"minecraft:ocelot_spawn_egg":1,"minecraft:zombie_horse_spawn_egg":1,"minecraft:zombie_pigman_spawn_egg":1,"minecraft:arrow":3,"minecraft:tropical_fish_spawn_egg":1,"minecraft:magma_cube_spawn_egg":1},"minecraft:killed_by":{"minecraft:player":1,"minecraft:creeper":1},"minecraft:mined":{"minecraft:red_stained_glass":3,"minecraft:tnt":63,"minecraft:honey_block":19,"minecraft:white_stained_glass":53,"minecraft:slime_block":8},"minecraft:custom":{"minecraft:time_since_rest":4094,"minecraft:sprint_one_cm":149917,"minecraft:damage_taken":2851,"minecraft:walk_one_cm":126524,"minecraft:drop":23,"minecraft:damage_dealt":80,"minecraft:fly_one_cm":214583,"minecraft:player_kills":1,"minecraft:play_one_minute":42661,"minecraft:crouch_one_cm":4191,"minecraft:deaths":34,"minecraft:sneak_time":1385,"minecraft:jump":368,"minecraft:aviate_one_cm":62085,"minecraft:leave_game":2,"minecraft:time_since_death":4092,"minecraft:fall_one_cm":101435},"minecraft:used":{"minecraft:wandering_trader_spawn_egg":3,"minecraft:zombie_horse_spawn_egg":17,"minecraft:firework_rocket":6,"minecraft:zombie_spawn_egg":12,"minecraft:tropical_fish_spawn_egg":7,"minecraft:llama_spawn_egg":10,"minecraft:magma_cube_spawn_egg":6,"minecraft:evoker_spawn_egg":3,"minecraft:blaze_spawn_egg":3,"minecraft:ocelot_spawn_egg":4,"minecraft:zombie_pigman_spawn_egg":15,"minecraft:bow":30,"minecraft:guardian_spawn_egg":4,"minecraft:phantom_spawn_egg":3,"minecraft:drowned_spawn_egg":3,"minecraft:polar_bear_spawn_egg":11,"minecraft:skeleton_horse_spawn_egg":7,"minecraft:snowball":2}},"DataVersion":2227}