{"stats":{"minecraft:used":{"minecraft:wandering_trader_spawn_egg":3,"minecraft:magma_cube_spawn_egg":8,"minecraft:blaze_spawn_egg":1,"minecraft:evoker_spawn_egg":1,"minecraft:ocelot_spawn_egg":3,"minecraft:black_stained_glass":73,"minecraft:stray_spawn_egg":2,"minecraft:guardian_spawn_egg":2,"minecraft:panda_spawn_egg":2,"minecraft:pufferfish_spawn_egg":4,"minecraft:oak_sign":13,"minecraft:gold_block":5,"minecraft:cave_spider_spawn_egg":1,"minecraft:egg":1,"minecraft:polar_bear_spawn_egg":1,"minecraft:smooth_quartz":102,"minecraft:llama_spawn_egg":3,"minecraft:bat_spawn_egg":1},"minecraft:custom":{"minecraft:time_since_rest":37401,"minecraft:crouch_one_cm":598,"minecraft:play_one_minute":55894,"minecraft:sprint_one_cm":52319,"minecraft:deaths":1,"minecraft:damage_taken":594,"minecraft:walk_one_cm":40818,"minecraft:sneak_time":333,"minecraft:jump":375,"minecraft:leave_game":7,"minecraft:time_since_death":37397,"minecraft:climb_one_cm":7,"minecraft:fall_one_cm":10533,"minecraft:fly_one_cm":126415}},"DataVersion":2567}