{"stats":{"minecraft:killed_by":{"minecraft:player":6},"minecraft:dropped":{"minecraft:zombie_spawn_egg":1,"minecraft:bow":1},"minecraft:used":{"minecraft:blaze_spawn_egg":9,"minecraft:ocelot_spawn_egg":13,"minecraft:bow":33,"minecraft:guardian_spawn_egg":14,"minecraft:polar_bear_spawn_egg":13,"minecraft:zombie_spawn_egg":17,"minecraft:snowball":12,"minecraft:llama_spawn_egg":8},"minecraft:mined":{"minecraft:black_stained_glass":1,"minecraft:white_stained_glass":5,"minecraft:light_gray_stained_glass":1,"minecraft:red_stained_glass":10,"minecraft:slime_block":65,"minecraft:tnt":384,"minecraft:green_stained_glass":2},"minecraft:custom":{"minecraft:time_since_rest":2180,"minecraft:play_one_minute":47374,"minecraft:crouch_one_cm":11344,"minecraft:sprint_one_cm":145910,"minecraft:walk_one_cm":133914,"minecraft:damage_taken":4280,"minecraft:deaths":41,"minecraft:sneak_time":4899,"minecraft:drop":2,"minecraft:jump":1052,"minecraft:damage_dealt":236,"minecraft:leave_game":1,"minecraft:time_since_death":2177,"minecraft:damage_resisted":10,"minecraft:fall_one_cm":37712,"minecraft:fly_one_cm":346666,"minecraft:player_kills":8},"minecraft:picked_up":{"minecraft:zombie_spawn_egg":1,"minecraft:bow":1}},"DataVersion":2212}