{"stats":{"minecraft:custom":{"minecraft:time_since_rest":487,"minecraft:crouch_one_cm":2867,"minecraft:play_one_minute":57308,"minecraft:sprint_one_cm":300716,"minecraft:deaths":29,"minecraft:damage_taken":3179,"minecraft:walk_one_cm":80067,"minecraft:sneak_time":1666,"minecraft:mob_kills":1,"minecraft:drop":1,"minecraft:aviate_one_cm":4306,"minecraft:jump":502,"minecraft:leave_game":3,"minecraft:time_since_death":485,"minecraft:fall_one_cm":20123,"minecraft:fly_one_cm":404095},"minecraft:killed":{"minecraft:ender_dragon":1},"minecraft:dropped":{"minecraft:barrier":1},"minecraft:picked_up":{"minecraft:phantom_spawn_egg":1,"minecraft:arrow":1,"minecraft:blaze_spawn_egg":1},"minecraft:used":{"minecraft:spider_spawn_egg":2,"minecraft:wandering_trader_spawn_egg":3,"minecraft:evoker_spawn_egg":1,"minecraft:blaze_spawn_egg":16,"minecraft:ocelot_spawn_egg":3,"minecraft:diamond_sword":3,"minecraft:bow":12,"minecraft:stray_spawn_egg":2,"minecraft:guardian_spawn_egg":6,"minecraft:wolf_spawn_egg":3,"minecraft:pufferfish_spawn_egg":2,"minecraft:phantom_spawn_egg":7,"minecraft:crossbow":14,"minecraft:sponge":6,"minecraft:egg":2,"minecraft:polar_bear_spawn_egg":2,"minecraft:skeleton_horse_spawn_egg":2,"minecraft:zombie_spawn_egg":2,"minecraft:wither_skeleton_spawn_egg":1,"minecraft:tropical_fish_spawn_egg":1,"minecraft:snowball":49,"minecraft:vex_spawn_egg":1,"minecraft:llama_spawn_egg":3,"minecraft:cat_spawn_egg":1,"minecraft:horse_spawn_egg":1},"minecraft:mined":{"minecraft:white_stained_glass":3,"minecraft:red_stained_glass":1}},"DataVersion":2230}