{"stats":{"minecraft:mined":{"minecraft:black_stained_glass":4,"minecraft:gray_stained_glass":2,"minecraft:white_stained_glass":29,"minecraft:pink_stained_glass":15,"minecraft:light_gray_stained_glass":2,"minecraft:red_stained_glass":127,"minecraft:slime_block":12,"minecraft:lime_stained_glass":18,"minecraft:tnt":53,"minecraft:green_stained_glass":45},"minecraft:custom":{"minecraft:time_since_rest":4335,"minecraft:play_one_minute":120906,"minecraft:crouch_one_cm":2744,"minecraft:sprint_one_cm":307787,"minecraft:damage_taken":13541,"minecraft:walk_one_cm":195022,"minecraft:deaths":62,"minecraft:sneak_time":1138,"minecraft:mob_kills":1,"minecraft:drop":1,"minecraft:boat_one_cm":1248,"minecraft:aviate_one_cm":40781,"minecraft:jump":1538,"minecraft:damage_dealt":104,"minecraft:leave_game":2,"minecraft:time_since_death":4332,"minecraft:climb_one_cm":26044,"minecraft:damage_resisted":1908,"minecraft:fall_one_cm":147054,"minecraft:fly_one_cm":735056,"minecraft:player_kills":4},"minecraft:killed_by":{"minecraft:player":9},"minecraft:dropped":{"minecraft:saddle":1},"minecraft:used":{"minecraft:evoker_spawn_egg":3,"minecraft:zombie_pigman_spawn_egg":6,"minecraft:blaze_spawn_egg":9,"minecraft:ocelot_spawn_egg":21,"minecraft:diamond_sword":1,"minecraft:bow":12,"minecraft:guardian_spawn_egg":22,"minecraft:drowned_spawn_egg":4,"minecraft:polar_bear_spawn_egg":16,"minecraft:zombie_spawn_egg":23,"minecraft:tropical_fish_spawn_egg":2,"minecraft:snowball":22,"minecraft:llama_spawn_egg":35},"minecraft:picked_up":{"minecraft:saddle":1}},"DataVersion":2223}