{"stats":{"minecraft:dropped":{"minecraft:green_stained_glass":1},"minecraft:used":{"minecraft:zombie_horse_spawn_egg":6,"minecraft:bow":3,"minecraft:strider_spawn_egg":1,"minecraft:pufferfish_spawn_egg":3,"minecraft:drowned_spawn_egg":4,"minecraft:egg":4,"minecraft:zombified_piglin_spawn_egg":2,"minecraft:tropical_fish_spawn_egg":3,"minecraft:snowball":4,"minecraft:green_stained_glass":1},"minecraft:custom":{"minecraft:time_since_rest":7016,"minecraft:crouch_one_cm":135,"minecraft:play_one_minute":153557,"minecraft:sprint_one_cm":6707,"minecraft:deaths":2,"minecraft:damage_taken":261,"minecraft:walk_one_cm":25523,"minecraft:sneak_time":73,"minecraft:drop":1,"minecraft:jump":18,"minecraft:leave_game":11,"minecraft:time_since_death":7012,"minecraft:fall_one_cm":335,"minecraft:fly_one_cm":27274}},"DataVersion":2567}