{"stats":{"minecraft:crafted":{"minecraft:elytra":2},"minecraft:custom":{"minecraft:mob_kills":1,"minecraft:play_one_minute":2575475,"minecraft:leave_game":24,"minecraft:time_since_death":317760,"minecraft:climb_one_cm":920,"minecraft:damage_resisted":200,"minecraft:time_since_rest":317763,"minecraft:sprint_one_cm":877169,"minecraft:damage_taken":22244,"minecraft:walk_one_cm":906935,"minecraft:drop":16,"minecraft:damage_dealt":992,"minecraft:minecart_one_cm":1828,"minecraft:player_kills":15,"minecraft:fly_one_cm":8834108,"minecraft:crouch_one_cm":22229,"minecraft:deaths":135,"minecraft:sneak_time":39073,"minecraft:aviate_one_cm":112042,"minecraft:jump":4136,"minecraft:fall_one_cm":382067},"minecraft:dropped":{"minecraft:slime_block":1,"minecraft:bedrock":1,"minecraft:elytra":9,"minecraft:polar_bear_spawn_egg":1,"minecraft:honey_block":256},"minecraft:mined":{"minecraft:red_stained_glass":110,"minecraft:honey_block":15,"minecraft:gray_stained_glass":2,"minecraft:white_stained_glass":8,"minecraft:pink_stained_glass":1,"minecraft:slime_block":78,"minecraft:lime_stained_glass":78,"minecraft:black_stained_glass":1,"minecraft:tnt":353,"minecraft:green_stained_glass":270,"minecraft:piston":2},"minecraft:picked_up":{"minecraft:bedrock":1,"minecraft:elytra":7,"minecraft:polar_bear_spawn_egg":1},"minecraft:used":{"minecraft:zombie_horse_spawn_egg":9,"minecraft:red_stained_glass":245,"minecraft:dead_tube_coral_fan":21,"minecraft:redstone":6,"minecraft:oak_sign":2,"minecraft:ender_pearl":1,"minecraft:stone":283,"minecraft:zombie_spawn_egg":68,"minecraft:redstone_block":239,"minecraft:structure_void":424,"minecraft:llama_spawn_egg":88,"minecraft:structure_block":144,"minecraft:smooth_quartz_stairs":2,"minecraft:torch":25,"minecraft:dark_oak_trapdoor":1,"minecraft:diamond_block":6,"minecraft:tnt":690,"minecraft:phantom_spawn_egg":5,"minecraft:cobblestone_wall":16,"minecraft:polar_bear_spawn_egg":48,"minecraft:skeleton_horse_spawn_egg":2,"minecraft:snowball":73,"minecraft:obsidian":178,"minecraft:purple_stained_glass":3,"minecraft:redstone_torch":24,"minecraft:wandering_trader_spawn_egg":4,"minecraft:sticky_piston":384,"minecraft:glass":310,"minecraft:piston":438,"minecraft:lever":11,"minecraft:honey_block":568,"minecraft:dead_fire_coral":1,"minecraft:command_block":11,"minecraft:spruce_button":4,"minecraft:barrier":147,"minecraft:slime_block":836,"minecraft:stone_button":14,"minecraft:detector_rail":24,"minecraft:white_glazed_terracotta":27,"minecraft:tropical_fish_spawn_egg":28,"minecraft:smooth_quartz":115,"minecraft:magenta_stained_glass_pane":1,"minecraft:magma_cube_spawn_egg":4,"minecraft:blaze_spawn_egg":40,"minecraft:bedrock":724,"minecraft:evoker_spawn_egg":22,"minecraft:ocelot_spawn_egg":53,"minecraft:zombie_pigman_spawn_egg":18,"minecraft:diamond_sword":13,"minecraft:repeater":4,"minecraft:bow":135,"minecraft:dead_horn_coral_fan":3,"minecraft:guardian_spawn_egg":57,"minecraft:lime_stained_glass":36,"minecraft:chain_command_block":1,"minecraft:white_stained_glass":300,"minecraft:drowned_spawn_egg":20,"minecraft:minecart":23,"minecraft:repeating_command_block":1,"minecraft:observer":549,"minecraft:green_stained_glass":26},"minecraft:killed_by":{"minecraft:player":13,"minecraft:creeper":6}},"DataVersion":2230}