{"stats":{"minecraft:mined":{"minecraft:black_stained_glass_pane":1,"minecraft:black_stained_glass":2,"minecraft:light_gray_stained_glass":2,"minecraft:red_stained_glass":41,"minecraft:tnt":97,"minecraft:green_stained_glass":27,"minecraft:honey_block":16,"minecraft:gray_stained_glass":1,"minecraft:white_stained_glass":20,"minecraft:pink_stained_glass":6,"minecraft:lime_stained_glass":10,"minecraft:slime_block":55},"minecraft:custom":{"minecraft:time_since_rest":4681,"minecraft:sprint_one_cm":551327,"minecraft:damage_taken":24915,"minecraft:walk_one_cm":609623,"minecraft:drop":7,"minecraft:damage_dealt":307,"minecraft:fly_one_cm":1241104,"minecraft:player_kills":7,"minecraft:crouch_one_cm":14107,"minecraft:play_one_minute":272395,"minecraft:deaths":152,"minecraft:sneak_time":6078,"minecraft:aviate_one_cm":173346,"minecraft:jump":2916,"minecraft:leave_game":4,"minecraft:time_since_death":4678,"minecraft:climb_one_cm":40570,"minecraft:damage_resisted":5458,"minecraft:fall_one_cm":293940},"minecraft:dropped":{"minecraft:honey_block":5,"minecraft:elytra":2},"minecraft:killed_by":{"minecraft:player":15,"minecraft:creeper":3},"minecraft:used":{"minecraft:honey_block":44,"minecraft:firework_rocket":3,"minecraft:zombie_spawn_egg":57,"minecraft:tropical_fish_spawn_egg":18,"minecraft:llama_spawn_egg":63,"minecraft:blaze_spawn_egg":39,"minecraft:evoker_spawn_egg":12,"minecraft:ocelot_spawn_egg":69,"minecraft:zombie_pigman_spawn_egg":12,"minecraft:bow":105,"minecraft:guardian_spawn_egg":73,"minecraft:drowned_spawn_egg":8,"minecraft:polar_bear_spawn_egg":54,"minecraft:snowball":51},"minecraft:picked_up":{"minecraft:elytra":3,"minecraft:honey_block":5},"minecraft:crafted":{"minecraft:elytra":3}},"DataVersion":2223}