{"stats":{"minecraft:mined":{"minecraft:slime_block":7,"minecraft:tnt":25,"minecraft:white_stained_glass":2,"minecraft:green_stained_glass":2},"minecraft:custom":{"minecraft:jump":82,"minecraft:time_since_rest":2075,"minecraft:leave_game":1,"minecraft:crouch_one_cm":655,"minecraft:play_one_minute":9389,"minecraft:damage_taken":565,"minecraft:sprint_one_cm":37756,"minecraft:deaths":8,"minecraft:time_since_death":2072,"minecraft:walk_one_cm":39084,"minecraft:sneak_time":194,"minecraft:damage_resisted":20,"minecraft:fall_one_cm":11164,"minecraft:fly_one_cm":23504},"minecraft:killed_by":{"minecraft:player":1},"minecraft:used":{"minecraft:blaze_spawn_egg":1,"minecraft:zombie_spawn_egg":1,"minecraft:bow":6,"minecraft:snowball":3,"minecraft:llama_spawn_egg":3}},"DataVersion":2230}