{"stats":{"minecraft:mined":{"minecraft:honey_block":12,"minecraft:white_stained_glass":10,"minecraft:red_stained_glass":28,"minecraft:slime_block":14,"minecraft:lime_stained_glass":5,"minecraft:tnt":79,"minecraft:green_stained_glass":35},"minecraft:killed_by":{"minecraft:creeper":2,"minecraft:player":2},"minecraft:used":{"minecraft:evoker_spawn_egg":15,"minecraft:blaze_spawn_egg":19,"minecraft:ocelot_spawn_egg":12,"minecraft:zombie_pigman_spawn_egg":13,"minecraft:bow":32,"minecraft:guardian_spawn_egg":23,"minecraft:drowned_spawn_egg":8,"minecraft:polar_bear_spawn_egg":11,"minecraft:zombie_spawn_egg":12,"minecraft:tropical_fish_spawn_egg":20,"minecraft:snowball":17,"minecraft:llama_spawn_egg":14},"minecraft:custom":{"minecraft:time_since_rest":927,"minecraft:play_one_minute":49853,"minecraft:crouch_one_cm":10672,"minecraft:sprint_one_cm":141146,"minecraft:walk_one_cm":159578,"minecraft:damage_taken":4066,"minecraft:deaths":48,"minecraft:sneak_time":4126,"minecraft:aviate_one_cm":15877,"minecraft:jump":753,"minecraft:leave_game":1,"minecraft:minecart_one_cm":82,"minecraft:damage_dealt":406,"minecraft:time_since_death":925,"minecraft:fall_one_cm":220737,"minecraft:fly_one_cm":497049,"minecraft:player_kills":3}},"DataVersion":2220}