{"stats":{"minecraft:mined":{"minecraft:red_stained_glass":57,"minecraft:tnt":474,"minecraft:green_stained_glass":93,"minecraft:honey_block":29,"minecraft:gray_stained_glass":1,"minecraft:white_stained_glass":16,"minecraft:pink_stained_glass":6,"minecraft:lime_stained_glass":23,"minecraft:slime_block":60},"minecraft:custom":{"minecraft:time_since_rest":434,"minecraft:sprint_one_cm":721308,"minecraft:damage_taken":40596,"minecraft:walk_one_cm":508523,"minecraft:drop":4,"minecraft:minecart_one_cm":328,"minecraft:damage_dealt":1799,"minecraft:fly_one_cm":2772324,"minecraft:player_kills":23,"minecraft:crouch_one_cm":32425,"minecraft:play_one_minute":237335,"minecraft:deaths":189,"minecraft:sneak_time":12164,"minecraft:aviate_one_cm":250409,"minecraft:jump":4739,"minecraft:leave_game":4,"minecraft:time_since_death":431,"minecraft:climb_one_cm":40148,"minecraft:damage_resisted":9274,"minecraft:fall_one_cm":545791},"minecraft:dropped":{"minecraft:honey_block":64,"minecraft:elytra":3},"minecraft:killed_by":{"minecraft:player":28,"minecraft:creeper":6,"minecraft:phantom":1},"minecraft:used":{"minecraft:honey_block":2,"minecraft:ender_pearl":5,"minecraft:zombie_spawn_egg":67,"minecraft:tropical_fish_spawn_egg":11,"minecraft:llama_spawn_egg":64,"minecraft:blaze_spawn_egg":33,"minecraft:evoker_spawn_egg":17,"minecraft:ocelot_spawn_egg":61,"minecraft:diamond_sword":1,"minecraft:zombie_pigman_spawn_egg":14,"minecraft:bow":77,"minecraft:guardian_spawn_egg":68,"minecraft:white_stained_glass":85,"minecraft:drowned_spawn_egg":15,"minecraft:polar_bear_spawn_egg":59,"minecraft:snowball":29},"minecraft:picked_up":{"minecraft:elytra":3,"minecraft:honey_block":64},"minecraft:crafted":{"minecraft:elytra":1}},"DataVersion":2223}