{"stats":{"minecraft:mined":{"minecraft:red_stained_glass":233,"minecraft:tnt":517,"minecraft:green_stained_glass":170,"minecraft:honey_block":5,"minecraft:white_stained_glass":193,"minecraft:pink_stained_glass":6,"minecraft:lime_stained_glass":5,"minecraft:slime_block":106,"minecraft:piston":2},"minecraft:custom":{"minecraft:time_since_rest":281,"minecraft:sprint_one_cm":612124,"minecraft:damage_taken":33006,"minecraft:walk_one_cm":320525,"minecraft:mob_kills":48,"minecraft:drop":1,"minecraft:damage_dealt":1615,"minecraft:fly_one_cm":3156825,"minecraft:player_kills":29,"minecraft:crouch_one_cm":92527,"minecraft:play_one_minute":185016,"minecraft:deaths":162,"minecraft:sneak_time":32665,"minecraft:aviate_one_cm":189786,"minecraft:jump":3496,"minecraft:leave_game":3,"minecraft:time_since_death":278,"minecraft:damage_resisted":455,"minecraft:climb_one_cm":17192,"minecraft:fall_one_cm":389367},"minecraft:dropped":{"minecraft:elytra":1},"minecraft:killed_by":{"minecraft:player":23,"minecraft:creeper":3,"minecraft:phantom":1},"minecraft:used":{"minecraft:honey_block":36,"minecraft:firework_rocket":32,"minecraft:ender_pearl":1,"minecraft:zombie_spawn_egg":30,"minecraft:tropical_fish_spawn_egg":10,"minecraft:llama_spawn_egg":33,"minecraft:blaze_spawn_egg":16,"minecraft:evoker_spawn_egg":9,"minecraft:ocelot_spawn_egg":57,"minecraft:zombie_pigman_spawn_egg":10,"minecraft:bow":58,"minecraft:guardian_spawn_egg":40,"minecraft:drowned_spawn_egg":10,"minecraft:polar_bear_spawn_egg":36,"minecraft:snowball":23},"minecraft:killed":{"minecraft:creeper":1},"minecraft:picked_up":{"minecraft:honey_block":76},"minecraft:crafted":{"minecraft:elytra":4}},"DataVersion":2223}