{"stats":{"minecraft:mined":{"minecraft:slime_block":21,"minecraft:tnt":82,"minecraft:green_stained_glass":29},"minecraft:custom":{"minecraft:time_since_rest":2047,"minecraft:crouch_one_cm":4723,"minecraft:play_one_minute":61460,"minecraft:sprint_one_cm":149482,"minecraft:deaths":34,"minecraft:damage_taken":6549,"minecraft:walk_one_cm":173656,"minecraft:sneak_time":1872,"minecraft:jump":1404,"minecraft:damage_dealt":128,"minecraft:leave_game":1,"minecraft:time_since_death":2045,"minecraft:damage_resisted":143,"minecraft:fall_one_cm":43348,"minecraft:fly_one_cm":272972,"minecraft:player_kills":5},"minecraft:killed_by":{"minecraft:player":6},"minecraft:used":{"minecraft:blaze_spawn_egg":15,"minecraft:ocelot_spawn_egg":11,"minecraft:bow":62,"minecraft:guardian_spawn_egg":12,"minecraft:polar_bear_spawn_egg":8,"minecraft:zombie_spawn_egg":15,"minecraft:snowball":14,"minecraft:llama_spawn_egg":14}},"DataVersion":2230}