{"stats":{"minecraft:used":{"minecraft:blaze_spawn_egg":3,"minecraft:wandering_trader_spawn_egg":5,"minecraft:evoker_spawn_egg":1,"minecraft:zombie_horse_spawn_egg":9,"minecraft:ocelot_spawn_egg":6,"minecraft:zombie_pigman_spawn_egg":11,"minecraft:bow":30,"minecraft:guardian_spawn_egg":12,"minecraft:phantom_spawn_egg":6,"minecraft:pufferfish_spawn_egg":11,"minecraft:drowned_spawn_egg":8,"minecraft:polar_bear_spawn_egg":4,"minecraft:skeleton_horse_spawn_egg":1,"minecraft:zombie_spawn_egg":10,"minecraft:tropical_fish_spawn_egg":6,"minecraft:snowball":10,"minecraft:llama_spawn_egg":8,"minecraft:magma_cube_spawn_egg":2,"minecraft:horse_spawn_egg":3},"minecraft:dropped":{"minecraft:firework_star":10},"minecraft:mined":{"minecraft:honey_block":3,"minecraft:white_stained_glass":33,"minecraft:pink_stained_glass":19,"minecraft:slime_block":5,"minecraft:lime_stained_glass":14,"minecraft:tnt":16,"minecraft:green_stained_glass":9},"minecraft:killed_by":{"minecraft:creeper":2},"minecraft:custom":{"minecraft:time_since_rest":4556,"minecraft:play_one_minute":33544,"minecraft:crouch_one_cm":65,"minecraft:sprint_one_cm":163037,"minecraft:walk_one_cm":91731,"minecraft:damage_taken":5340,"minecraft:deaths":30,"minecraft:sneak_time":60,"minecraft:drop":9,"minecraft:aviate_one_cm":97420,"minecraft:jump":338,"minecraft:minecart_one_cm":2854,"minecraft:time_since_death":4553,"minecraft:damage_resisted":160,"minecraft:fall_one_cm":49263,"minecraft:fly_one_cm":137688}},"DataVersion":2230}