{"stats":{"minecraft:mined":{"minecraft:magenta_stained_glass_pane":1,"minecraft:black_stained_glass":1,"minecraft:black_stained_glass_pane":1,"minecraft:red_stained_glass":52,"minecraft:tnt":174,"minecraft:detector_rail":1,"minecraft:green_stained_glass":101,"minecraft:honey_block":21,"minecraft:gray_stained_glass":1,"minecraft:white_stained_glass":24,"minecraft:pink_stained_glass":24,"minecraft:lime_stained_glass":15,"minecraft:slime_block":60,"minecraft:piston":2},"minecraft:custom":{"minecraft:time_since_rest":3113,"minecraft:sprint_one_cm":205313,"minecraft:damage_taken":9043,"minecraft:walk_one_cm":287779,"minecraft:damage_dealt":168,"minecraft:fly_one_cm":677202,"minecraft:player_kills":5,"minecraft:play_one_minute":105257,"minecraft:crouch_one_cm":9421,"minecraft:deaths":60,"minecraft:sneak_time":3334,"minecraft:aviate_one_cm":46002,"minecraft:jump":1042,"minecraft:leave_game":3,"minecraft:time_since_death":3111,"minecraft:damage_resisted":330,"minecraft:fall_one_cm":87946},"minecraft:used":{"minecraft:ender_pearl":1,"minecraft:zombie_spawn_egg":21,"minecraft:tropical_fish_spawn_egg":6,"minecraft:llama_spawn_egg":10,"minecraft:blaze_spawn_egg":6,"minecraft:evoker_spawn_egg":6,"minecraft:ocelot_spawn_egg":16,"minecraft:zombie_pigman_spawn_egg":3,"minecraft:bow":12,"minecraft:guardian_spawn_egg":12,"minecraft:drowned_spawn_egg":5,"minecraft:polar_bear_spawn_egg":5,"minecraft:snowball":11},"minecraft:killed_by":{"minecraft:player":1,"minecraft:creeper":2},"minecraft:picked_up":{"minecraft:elytra":2,"minecraft:snowball":1},"minecraft:crafted":{"minecraft:elytra":3}},"DataVersion":2223}