{"stats":{"minecraft:dropped":{"minecraft:ocelot_spawn_egg":1},"minecraft:custom":{"minecraft:time_since_rest":1366,"minecraft:play_one_minute":34619,"minecraft:crouch_one_cm":1633,"minecraft:sprint_one_cm":111243,"minecraft:walk_one_cm":113991,"minecraft:damage_taken":2589,"minecraft:deaths":18,"minecraft:sneak_time":878,"minecraft:drop":1,"minecraft:jump":564,"minecraft:leave_game":1,"minecraft:damage_dealt":139,"minecraft:time_since_death":1363,"minecraft:damage_resisted":667,"minecraft:fall_one_cm":33470,"minecraft:fly_one_cm":222622,"minecraft:player_kills":1},"minecraft:picked_up":{"minecraft:ocelot_spawn_egg":1},"minecraft:mined":{"minecraft:black_stained_glass_pane":2,"minecraft:white_stained_glass":43,"minecraft:pink_stained_glass":22,"minecraft:red_stained_glass":15,"minecraft:slime_block":10,"minecraft:lime_stained_glass":10,"minecraft:tnt":24,"minecraft:green_stained_glass":11},"minecraft:killed_by":{"minecraft:player":1},"minecraft:used":{"minecraft:blaze_spawn_egg":4,"minecraft:ocelot_spawn_egg":7,"minecraft:bow":7,"minecraft:guardian_spawn_egg":6,"minecraft:polar_bear_spawn_egg":4,"minecraft:zombie_spawn_egg":8,"minecraft:snowball":4,"minecraft:llama_spawn_egg":4}},"DataVersion":2217}