{
  "minecraft:recipes/decorations/campfire": {
    "criteria": {
      "has_stick": "2019-11-23 23:13:43 +0000"
    },
    "done": true
  },
  "minecraft:recipes/combat/crossbow": {
    "criteria": {
      "has_stick": "2019-11-23 23:13:43 +0000"
    },
    "done": true
  },
  "minecraft:adventure/honey_block_slide": {
    "criteria": {
      "honey_block_slide": "2019-11-23 23:12:23 +0000"
    },
    "done": true
  },
  "minecraft:recipes/food/honey_bottle": {
    "criteria": {
      "has_honey_block": "2019-11-23 23:12:00 +0000"
    },
    "done": true
  },
  "DataVersion": 2218
}