{
  "minecraft:recipes/misc/slime_ball": {
    "criteria": {
      "has_slime": "2020-07-14 22:25:14 -0500"
    },
    "done": true
  },
  "minecraft:recipes/redstone/dispenser": {
    "criteria": {
      "has_bow": "2020-07-14 22:28:01 -0500"
    },
    "done": true
  },
  "minecraft:adventure/ol_betsy": {
    "criteria": {
      "shot_crossbow": "2020-07-14 22:22:18 -0500"
    },
    "done": true
  },
  "minecraft:adventure/shoot_arrow": {
    "criteria": {
      "shot_arrow": "2020-07-14 22:25:16 -0500"
    },
    "done": true
  },
  "DataVersion": 2567
}