{
  "cc:win_dm": {
    "criteria": {
      "grant": "2020-07-12 22:28:05 -0500"
    },
    "done": true
  },
  "cc:win_points": {
    "criteria": {
      "grant": "2020-07-12 22:23:33 -0500"
    },
    "done": true
  },
  "cc:root": {
    "criteria": {
      "joingame": "2020-07-10 21:56:49 -0500"
    },
    "done": true
  },
  "cc:unshakeable": {
    "criteria": {
      "grant": "2020-07-12 22:28:05 -0500"
    },
    "done": true
  },
  "cc:win_entro": {
    "criteria": {
      "grant": "2020-07-12 22:29:35 -0500"
    },
    "done": true
  },
  "DataVersion": 2567
}