{
  "cc:win_dm": {
    "criteria": {
      "grant": "2020-07-12 22:28:43 -0500"
    },
    "done": true
  },
  "cc:cheat_death": {
    "criteria": {
      "grant": "2020-07-10 13:49:25 -0500"
    },
    "done": true
  },
  "cc:win_points": {
    "criteria": {
      "grant": "2020-07-10 22:31:46 -0500"
    },
    "done": true
  },
  "cc:root": {
    "criteria": {
      "joingame": "2020-07-06 16:41:08 -0500"
    },
    "done": true
  },
  "cc:streak": {
    "criteria": {
      "grant": "2020-07-12 21:41:55 -0500"
    },
    "done": true
  },
  "cc:unshakeable": {
    "criteria": {
      "grant": "2020-07-12 22:28:43 -0500"
    },
    "done": true
  },
  "cc:win_entro": {
    "criteria": {
      "grant": "2020-07-12 22:29:52 -0500"
    },
    "done": true
  },
  "DataVersion": 2567
}