{"stats":{"minecraft:used":{"minecraft:oak_planks":10,"minecraft:netherite_pickaxe":37,"minecraft:gold_block":3,"minecraft:wooden_pickaxe":9,"minecraft:cobblestone":11,"minecraft:blue_concrete":2},"minecraft:custom":{"minecraft:jump":27,"minecraft:time_since_rest":34924,"minecraft:damage_dealt":10,"minecraft:crouch_one_cm":3507,"minecraft:play_one_minute":133992,"minecraft:leave_game":3,"minecraft:sprint_one_cm":3471,"minecraft:deaths":1,"minecraft:time_since_death":34924,"minecraft:walk_one_cm":7615,"minecraft:sneak_time":590,"minecraft:fly_one_cm":27158,"minecraft:fall_one_cm":836,"minecraft:player_kills":1},"minecraft:mined":{"minecraft:red_concrete":9,"minecraft:blue_concrete":1,"minecraft:white_concrete":36},"minecraft:picked_up":{"minecraft:gold_block":1}},"DataVersion":2567}