{"stats":{"minecraft:mined":{"minecraft:blue_concrete":29,"minecraft:white_concrete":441,"minecraft:cobblestone":1,"minecraft:red_concrete":22,"minecraft:fire":1,"minecraft:black_concrete":26,"minecraft:enchanting_table":1},"minecraft:crafted":{"minecraft:stick":4,"minecraft:iron_pickaxe":1,"minecraft:stone_pickaxe":2},"minecraft:custom":{"minecraft:interact_with_crafting_table":5,"minecraft:play_one_minute":799107,"minecraft:leave_game":47,"minecraft:time_since_death":184301,"minecraft:damage_resisted":370,"minecraft:time_since_rest":184302,"minecraft:sprint_one_cm":623360,"minecraft:damage_taken":20,"minecraft:walk_one_cm":216339,"minecraft:drop":122,"minecraft:fly_one_cm":2900790,"minecraft:open_chest":45,"minecraft:crouch_one_cm":32774,"minecraft:deaths":5,"minecraft:sneak_time":12206,"minecraft:jump":5663,"minecraft:fall_one_cm":67136},"minecraft:killed_by":{"minecraft:player":1},"minecraft:dropped":{"minecraft:iron_ingot":11,"minecraft:red_concrete":1,"minecraft:glass_bottle":1,"minecraft:cobblestone":136,"minecraft:flower_banner_pattern":1,"minecraft:oak_planks":23,"minecraft:blue_concrete":4,"minecraft:oak_sign":1,"minecraft:acacia_button":3,"minecraft:gold_block":1,"minecraft:gray_concrete":2,"minecraft:shield":4,"minecraft:white_concrete":14,"minecraft:bow":4,"minecraft:wooden_pickaxe":2,"minecraft:iron_pickaxe":1,"minecraft:black_concrete":80,"minecraft:redstone_block":1,"minecraft:gold_ingot":3},"minecraft:used":{"minecraft:jigsaw":3,"minecraft:armor_stand":1,"minecraft:red_concrete":60,"minecraft:stone_pickaxe":8,"minecraft:oak_planks":12,"minecraft:oak_sign":13,"minecraft:chest":1,"minecraft:wooden_pickaxe":90,"minecraft:stone":124,"minecraft:redstone_block":79,"minecraft:structure_block":20,"minecraft:golden_apple":1,"minecraft:tnt":14,"minecraft:gray_concrete":21,"minecraft:blue_concrete":60,"minecraft:black_concrete":29,"minecraft:black_wool":1,"minecraft:command_block":46,"minecraft:light_gray_concrete":3,"minecraft:barrier":4,"minecraft:iron_pickaxe":25,"minecraft:stone_button":5,"minecraft:magenta_wool":2,"minecraft:fire_charge":1,"minecraft:cobblestone":260,"minecraft:potion":1,"minecraft:black_stained_glass":53,"minecraft:netherite_pickaxe":397,"minecraft:chain_command_block":8,"minecraft:gold_block":4,"minecraft:repeating_command_block":17,"minecraft:white_concrete":60},"minecraft:picked_up":{"minecraft:diamond_sword":21,"minecraft:wooden_pickaxe":1,"minecraft:gold_block":4,"minecraft:potion":12,"minecraft:acacia_button":3,"minecraft:blue_concrete":13,"minecraft:shield":15,"minecraft:oak_sign":1,"minecraft:bow":56,"minecraft:iron_ingot":161,"minecraft:flower_banner_pattern":1,"minecraft:oak_planks":359,"minecraft:iron_sword":5,"minecraft:tipped_arrow":162,"minecraft:arrow":473,"minecraft:diamond_chestplate":9,"minecraft:black_concrete":6,"minecraft:diamond":20,"minecraft:white_concrete":18,"minecraft:gold_ingot":58,"minecraft:cobblestone":734}},"DataVersion":2567}