{
    "__comment": "Made with TheDestruc7i0n's advancements generator: https://advancements.thedestruc7i0n.ca",
    "display": {
        "title": {
            "text": "Color Control"
        },
        "description": {
            "text": ""
        },
        "icon": {
            "item": "minecraft:blue_concrete"
        },
        "frame": "task",
        "show_toast": false,
        "announce_to_chat": false,
        "hidden": false,
        "background": "minecraft:textures/block/cyan_concrete_powder.png"
    },
    "criteria": {
        "joingame": {
            "trigger": "minecraft:tick"
        }
    },
    "rewards": {
        "function": "cc:triggers/join"
    }
}