{
    "__comment": "Made with TheDestruc7i0n's advancements generator: https://advancements.thedestruc7i0n.ca",
    "display": {
        "title": {
            "text": "Unshakeable",
            "color": "blue"
        },
        "description": {
            "text": "Your team won a Deathmatch game with at least half of your lives remaining; your rivals never stood a chance!",
            "color": "gray"
        },
        "icon": {
            "item": "minecraft:shield"
        },
        "frame": "challenge",
        "show_toast": true,
        "announce_to_chat": true,
        "hidden": false
    },
    "criteria": {
        "grant": {
            "trigger": "minecraft:impossible"
        }
    },
    "parent": "cc:win_dm"
}