{
    "__comment": "Made with TheDestruc7i0n's advancements generator: https://advancements.thedestruc7i0n.ca",
    "display": {
        "title": {
            "text": "Crumbling Champion",
            "color": "green"
        },
        "description": {
            "text": "The battlefield was falling apart as you fought, but your team nonetheless came out on top in a game of Entropy!",
            "color": "gray"
        },
        "icon": {
            "item": "minecraft:ender_eye"
        },
        "frame": "challenge",
        "show_toast": true,
        "announce_to_chat": true,
        "hidden": false
    },
    "criteria": {
        "grant": {
            "trigger": "minecraft:impossible"
        }
    },
    "parent": "cc:win_points"
}