{"stats":{"minecraft:used":{"minecraft:crossbow":219,"minecraft:bow":96,"minecraft:gray_stained_glass":6},"minecraft:custom":{"minecraft:jump":268,"minecraft:time_since_rest":7185,"minecraft:play_one_minute":41143,"minecraft:crouch_one_cm":579,"minecraft:damage_taken":310,"minecraft:leave_game":4,"minecraft:sprint_one_cm":46101,"minecraft:time_since_death":7182,"minecraft:walk_one_cm":61618,"minecraft:deaths":1,"minecraft:sneak_time":302,"minecraft:damage_resisted":1630,"minecraft:fall_one_cm":19907,"minecraft:drop":1,"minecraft:fly_one_cm":100162},"minecraft:dropped":{"minecraft:arrow":1}},"DataVersion":2230}