{"stats":{"minecraft:custom":{"minecraft:jump":83,"minecraft:time_since_rest":10845,"minecraft:crouch_one_cm":751,"minecraft:play_one_minute":10845,"minecraft:leave_game":1,"minecraft:sprint_one_cm":17021,"minecraft:time_since_death":10845,"minecraft:walk_one_cm":60439,"minecraft:sneak_time":414,"minecraft:damage_resisted":1650,"minecraft:drop":2,"minecraft:fall_one_cm":7524,"minecraft:fly_one_cm":25457},"minecraft:used":{"minecraft:crossbow":176,"minecraft:bow":47},"minecraft:dropped":{"minecraft:slime_block":2}},"DataVersion":2567}