{"stats":{"minecraft:custom":{"minecraft:play_one_minute":1284250,"minecraft:leave_game":20,"minecraft:time_since_death":195955,"minecraft:climb_one_cm":440418,"minecraft:damage_resisted":5415,"minecraft:time_since_rest":195956,"minecraft:sprint_one_cm":1227181,"minecraft:damage_taken":870,"minecraft:walk_one_cm":573404,"minecraft:drop":476,"minecraft:damage_dealt":10,"minecraft:fly_one_cm":3229690,"minecraft:crouch_one_cm":8017,"minecraft:deaths":2,"minecraft:sneak_time":13052,"minecraft:jump":14111,"minecraft:fall_one_cm":248992},"minecraft:dropped":{"minecraft:red_concrete":1,"minecraft:acacia_boat":1,"minecraft:red_concrete_powder":1,"minecraft:dark_oak_stairs":9,"minecraft:birch_planks":110,"minecraft:player_head":32,"minecraft:cobblestone_wall":4,"minecraft:crossbow":1,"minecraft:blue_concrete":1,"minecraft:blue_concrete_powder":1,"minecraft:slime_block":78,"minecraft:oak_sign":19,"minecraft:birch_slab":18,"minecraft:cobweb":1,"minecraft:spruce_planks":1,"minecraft:stone_bricks":95,"minecraft:slime_ball":1,"minecraft:arrow":5,"minecraft:black_concrete":2,"minecraft:dark_oak_planks":23,"minecraft:light_gray_concrete_powder":1,"minecraft:birch_stairs":85,"minecraft:redstone_block":1},"minecraft:used":{"minecraft:blue_terracotta":17,"minecraft:birch_planks":152,"minecraft:red_concrete":68,"minecraft:dark_oak_sign":24,"minecraft:oak_sign":21,"minecraft:spruce_planks":3,"minecraft:white_terracotta":9,"minecraft:blue_concrete_powder":9,"minecraft:stone":11,"minecraft:redstone_block":41,"minecraft:structure_void":2,"minecraft:spruce_sign":1,"minecraft:player_head":7,"minecraft:tnt":1,"minecraft:cobblestone_wall":18,"minecraft:crossbow":1561,"minecraft:light_gray_concrete_powder":13,"minecraft:gray_concrete":87,"minecraft:spruce_fence":4,"minecraft:blue_concrete":74,"minecraft:spruce_log":10,"minecraft:stripped_spruce_log":1,"minecraft:sticky_piston":4,"minecraft:gray_terracotta":16,"minecraft:dark_oak_planks":8,"minecraft:black_concrete":180,"minecraft:dark_oak_log":7,"minecraft:command_block":21,"minecraft:light_gray_concrete":6,"minecraft:slime_block":4,"minecraft:stone_button":5,"minecraft:red_terracotta":17,"minecraft:gray_concrete_powder":6,"minecraft:stone_bricks":321,"minecraft:bedrock":30,"minecraft:bow":1295,"minecraft:scaffolding":71,"minecraft:red_concrete_powder":9,"minecraft:chain_command_block":1,"minecraft:repeating_command_block":6,"minecraft:white_concrete":55,"minecraft:cobweb":17,"minecraft:birch_stairs":12,"minecraft:gray_stained_glass":152},"minecraft:picked_up":{"minecraft:redstone_block":1,"minecraft:birch_planks":2,"minecraft:blue_concrete":1,"minecraft:cobblestone_wall":1,"minecraft:oak_sign":1,"minecraft:stone_bricks":14,"minecraft:birch_stairs":1,"minecraft:dark_oak_planks":1,"minecraft:arrow":4,"minecraft:slime_ball":1,"minecraft:slime_block":4,"minecraft:black_concrete":15,"minecraft:crossbow":1,"minecraft:white_concrete":14}},"DataVersion":2567}