{"stats":{"minecraft:used":{"minecraft:dark_oak_stairs":47,"minecraft:dark_oak_planks":184,"minecraft:black_concrete":3,"minecraft:command_block":22,"minecraft:birch_slab":2,"minecraft:birch_planks":8,"minecraft:red_concrete":3,"minecraft:dark_oak_sign":31,"minecraft:slime_block":33,"minecraft:stone_button":3,"minecraft:oak_sign":12,"minecraft:gray_concrete_powder":22,"minecraft:redstone_block":3,"minecraft:player_head":13,"minecraft:stone_bricks":799,"minecraft:bow":995,"minecraft:scaffolding":679,"minecraft:crafting_table":3,"minecraft:chain_command_block":4,"minecraft:crossbow":808,"minecraft:gold_block":1,"minecraft:repeating_command_block":6,"minecraft:light_gray_concrete_powder":16,"minecraft:gray_concrete":10,"minecraft:white_concrete":100,"minecraft:spruce_log":32,"minecraft:cobweb":14,"minecraft:gray_stained_glass":54},"minecraft:crafted":{"minecraft:leather_leggings":3,"minecraft:leather_boots":3,"minecraft:leather_chestplate":3,"minecraft:leather_helmet":1},"minecraft:dropped":{"minecraft:dark_oak_stairs":3,"minecraft:crafting_table":1,"minecraft:slime_block":25},"minecraft:custom":{"minecraft:time_since_rest":57250,"minecraft:sprint_one_cm":473099,"minecraft:damage_taken":660,"minecraft:walk_one_cm":416952,"minecraft:drop":29,"minecraft:interact_with_crafting_table":3,"minecraft:fly_one_cm":1894079,"minecraft:play_one_minute":327506,"minecraft:crouch_one_cm":15050,"minecraft:deaths":3,"minecraft:sneak_time":14219,"minecraft:jump":4347,"minecraft:leave_game":11,"minecraft:time_since_death":57248,"minecraft:climb_one_cm":24149,"minecraft:damage_resisted":7860,"minecraft:fall_one_cm":201206},"minecraft:killed_by":{"minecraft:creeper":1},"minecraft:picked_up":{"minecraft:crafting_table":1}},"DataVersion":2567}